Cat_SMILES,Cat_MW,Cat_Rad_Gyr,Cat_Len_x,Cat_Len_y,Cat_Len_z,Cat_MPP,Cat_SDP
C[N+]1(CCCF)C2CCC1CC(OC(=O)C(O)(c1ccccc1)c1ccccc1)C2,412.517882,4.18443254,16.265,7.327,11.336,1.258957,5.160535
Cc1cc2c3ccccc3[n+]1CCCCCCCCCC[n+]1c(C)cc(c3ccccc31)NCCCCCCCCCCN2,594.916812,5.76340098,19.226,12.784,8.616,1.227331,6.117464
C[N+]1(C)[C@@H]2C[C@@H](OC3c4ccccc4CSc4ccccc43)C[C@H]1[C@@H]1O[C@@H]12,380.523686,3.77769372,11.007,13.597,7.896,1.36916,5.637441
C[N+](C)(C)CCOC(=O)C1CCC[N+]1(C)C,230.347507,3.4334381,6.463,7.224,13.387,1.128212,4.050765
COc1ccc2cc1Oc1cc3c(cc1OC)CC[N+](C)(C)[C@H]3Cc1ccc(cc1)Oc1c(OC)c(OC)cc3c1[C@@H](C2)[N+](C)(C)CC3,652.820428,4.87887405,13.642,16.545,9.153,1.502029,6.843417
C[N+]1(C)CCCC1COC(=O)C(O)(c1ccccc1)C1CCCCC1,346.484476,3.75222889,6.85,14.439,11.632,1.187002,4.479674
CCOCC(O)COc1ccc(NC(=O)CC[S+](C)C)cc1,328.447344,5.55713414,7.929,20.97,6.139,0.867141,3.64104
COc1ccc2[nH]c3ccc4cc[n+](CCN5CCC(C6CCN(CC[n+]7ccc8ccc9[nH]c%10ccc(OC)cc%10c9c8c7)CC6)CC5)cc4c3c2c1,718.929918,8.00578877,10.284,12.515,26.807,1.736559,7.945254
C[N+](C)(C)CC1COCO1,146.207716,2.35502948,9.68,6.307,6.547,1.012737,3.830339
CC[N+](C)(C)CCOC(=O)CCC(=O)OCC[N+](C)(C)CC,318.452786,4.14103837,15.594,10.19,7.63,1.354223,4.888569
CC[N+]1(C)CCCC(OC(=O)C(O)(c2ccccc2)c2ccccc2)C1,354.463449,3.80589515,11.503,14.167,8.587,1.507721,6.19274
CCCCCCCCCCCC[N+](C)(C)Cc1ccccc1,304.533906,3.66254357,12.455,11.615,9.126,1.535406,7.007954
COc1ccc(CC2c3cc(OC)c(OC)cc3CC[N+]2(C)CCCCCCCCCC[N+]2(C)CCc3cc(OC)c(OC)cc3C2Cc2ccc(OC)c(OC)c2)cc1OC,855.154528,4.85039937,11.723,18.278,13.613,2.223362,10.147322
O=[N+]([O-])c1ccc(-c2csc3[n+]2CCN3)o1,238.243261,3.13019114,8.734,12.068,4.214,0.367773,1.813968
CCCCCCCCCCCCCC[N+](C)(C)Cc1ccccc1,652.820428,4.87887405,13.642,16.545,9.153,1.502029,6.843417
CC[N+]1(CC)CCC(=C(c2ccccc2)c2ccccc2)C1C,306.465234,3.49886256,8.256,13.357,11.343,1.462632,5.824229
COCCOCCOCCOCCOC(=O)OC[n+]1ccc(N/C(=N/CCCCCCOc2ccc(Cl)cc2)NC#N)cc1,637.145222,5.83424186,14.498,17.749,8.821,1.479276,6.412869
C[S+](C)CCOC(=O)C(O)(c1ccccc1)C1CCCCC1,323.470649,3.6318891,14.992,7.579,10.302,1.123607,5.137451
CN(C)C(=O)Oc1ccc[n+](C)c1,181.212069,2.82713984,7.611,11.47,4.97,0.631881,2.657849
CN(C)C(=O)Oc1cccc([N+](C)(C)C)c1,223.291921,3.18992959,6.497,8.573,12.593,0.937222,4.056498
CC[N+](C)(CC)CCOC(=O)C(O)(c1ccccc1)C1CCCCC1,348.500357,3.97574283,15.196,6.941,11.902,1.178752,4.498319
CCCCCCCCCC[N+](C)(C)CCOC(=O)C12CC3CC(CC(C3)C1)C2,392.639185,3.82846119,15.072,11.137,8.249,1.216423,5.954522
C[N+](C)(C)C1CCC(CC2CCC([N+](C)(C)C)CC2)CC1,296.535019,4.23374969,7.014,16.595,6.475,1.229969,4.294744
COc1ccc(CC2c3cc(OC)c(OC)cc3CC[N+]2(C)CCCCCCCCCC[N+]2(C)CCc3cc(OC)c(OC)cc3C2Cc2ccc(OC)c(OC)c2)cc1OC,855.154528,7.77503074,10.246,29.335,13.875,1.775703,7.915723
CC[N+](CC)(CC(=O)Nc1c(C)cccc1C)Cc1ccccc1,325.468547,3.5285421,7.984,10.238,13.278,1.260863,5.180503
COc1ccc(C[C@@H]2c3cc(OC)c(OC)cc3CC[N@+]2(C)CCC(=O)OCCCCCOC(=O)CC[N@@+]2(C)CCc3cc(OC)c(OC)cc3[C@H]2Cc2ccc(OC)c(OC)c2)cc1OC,929.147002,8.10112575,16.204,12.253,27.145,2.128103,10.029754
COC1=C(OC)C(=O)C(CCCCCCCCCC[P+](c2ccccc2)(c2ccccc2)c2ccccc2)=C(C)C1=O,583.718003,5.63855071,20.436,11.877,12.004,1.7896,9.476199
CCCCCCCCCCCCCCCC[N+](C)(C)CC,298.570814,4.13713835,8.303,10.179,15.749,1.478569,5.898602
C[N+](C)(C)CCCCCC[N+](C)(C)C,202.38046,3.67285914,6.996,6.5,13.701,1.085217,4.100079
O=C(CCBr)N1CC[N+]2(CC1)CC[N+]1(CCN(C(=O)CCBr)CC1)CC2,496.280029,5.54877317,8.678,6.663,18.75,1.153999,4.539523
CC[N+](CC)(CC)CCOC(=O)C(C1CCCC1)C1CCCC1,324.52198,3.9328036,14.076,8.47,11.338,1.311837,6.05844
Cc1cc(N)c2ccccc2[n+]1CCCCCCCCCC[n+]1c(C)cc(N)c2ccccc21,456.66652,5.40160894,9.433,10.882,19.932,1.652834,7.225099
C[N+](C)(CC(=O)Nc1ccccc1)CC(=O)Nc1ccccc1,312.386862,4.28083477,10.31,7.004,16.096,1.082136,4.235438
C[N+]1(C)[C@@H]2CC[C@H]1C[C@@H](OC(=O)C1c3ccccc3Oc3ccccc31)C2,364.458303,3.48656292,12.388,8.625,11.214,1.484843,5.967448
Cc1cc(/C=C/c2ccc3cc(N(C)C)ccc3[n+]2C)c(C)n1-c1ccccc1,382.521584,5.54861313,21.791,8.509,6.398,1.026149,4.04194
C[N+]12CCC(CC1)C(CN1c3ccccc3Sc3ccccc31)C2,929.147002,8.10112575,16.204,12.253,27.145,2.128103,10.029754
c1ccc2c[n+](CCCCCCCCCCCCCCCC[n+]3ccc4ccccc4c3)ccc2c1,482.743702,10.19670706,33.771,6.795,8.331,1.088403,4.405771
CC(=O)O[C@H]1C[C@@H]2CC[C@@H]3[C@H](CC[C@@]4(C)[C@H]3C[C@H]([N+]3(C)CCCCC3)[C@@H]4OC(C)=O)[C@@]2(C)C[C@@H]1N1CCCCC1,557.82867,4.64262081,12.668,16.474,9.498,1.742051,7.06727
CN(CCCCCCN(C)C(=O)Oc1ccc[n+](C)c1)C(=O)Oc1ccc[n+](C)c1,416.514726,4.46248495,13.048,9.386,13.429,1.616868,7.118767
CC[N+](C)(CC)CCOCCOC(=O)C(c1ccccc1)[N+]1(C)CCCCC1,392.576177,4.20672111,15.997,8.357,11.311,1.434953,6.017921
C[N+]1(C)[C@@H]2C[C@@H](OC(=O)[C@H](CO)c3ccccc3)C[C@H]1[C@@H]1O[C@@H]12,318.388147,3.75706619,9.745,14.413,7.837,1.227761,5.163682
CC[N+](C)(CC)CCOC(=O)C1CCCC(C)[N+]1(C)C,286.453976,3.88242398,7.078,8.321,15.074,1.269098,4.796756
CCCCCCCCCCCC(c1ccc(C)cc1)[N+](C)(C)C,318.560523,4.71456944,10.606,17.787,8.36,1.429044,5.862988
CCOC(=O)c1c[n+](C)c2n(c1=O)C(C)CCC2,251.302062,3.14588911,6.137,9.682,13.564,0.843552,3.744444
C[N+](C)(C)CCCCCOCCCCC[N+](C)(C)C,274.486334,4.21723378,9.688,6.979,14.845,1.16646,4.542629
CCCCCCCCCCCC(c1ccc(C)cc1)[N+](C)(C)C,318.560523,5.15171746,11.205,7.029,19.317,1.002251,4.661697
CCOC(=O)c1c[n+](C)c2n(c1=O)C(C)CCC2,251.302062,3.14844208,6.132,9.679,13.596,0.842547,3.738614
C[N+](C)(C)CCCCCOCCCCC[N+](C)(C)C,274.486334,5.28022484,19.205,7.799,6.901,1.125241,4.504993
Cc1ccc(C(C)C)c(OCC[N+](C)(C)CCCCCCCCCC[N+](C)(C)CCOc2cc(C)ccc2C(C)C)c1,582.94427,8.05813585,11.148,25.98,13.234,1.782996,8.795764
C[N+]1(C)CCN(CC(O)(c2ccccc2)C2CCCCC2)CC1,317.489574,3.49437715,7.104,12.308,11.192,1.274193,4.735641
Cc1ccc(C(C)C)c(OCC[N+](C)(C)CCCCCCCCCC[N+](C)(C)CCOc2cc(C)ccc2C(C)C)c1,582.94427,8.28223243,27.326,11.083,12.026,1.931184,9.02553
CC[N+](C)(CC)CCSC1=Nc2ccccc2N=C(c2ccc(Sc3ccccc3)cc2)C1,474.704394,4.683914,12.167,17.171,8.639,1.35928,5.60982
C[N+]12CCC(CC1)C(OC(=O)C(O)(c1ccccc1)c1ccccc1)C2,352.447567,3.69289219,11.018,7.433,14.827,1.271274,5.041158
C[N+](C)(C)CCCCCOCCCCC[N+](C)(C)C,274.486334,4.22893027,7.417,14.935,9.665,1.347492,5.015708
C[N+]1(CC2COC(c3ccccc3)(C3CCCCC3)O2)CCCCC1,344.511688,3.6876328,13.156,7.408,11.478,1.263488,5.024608
CC(C)[N+](C)(CCC(C(N)=O)(c1ccccc1)c1ccccc1)C(C)C,353.521782,3.63921242,9.369,13.095,11.733,1.60797,6.819052
CC[n+]1c(-c2ccccc2)c2cc(N)ccc2c2ccc(N)cc21,314.404379,3.54518038,13.98,11.298,7.054,0.965485,4.696288
CCCCCCCCCCCC[N+](C)(C)CCOc1ccccc1,334.559928,6.48552275,6.695,8.347,24.682,1.069526,4.245488
CCCCCCCCCCCCCCCC[N+](C)(C)Cc1ccccc1,360.640375,5.75473538,18.295,7.367,14.946,1.109673,4.708119
C[N+](C)(CCOc1ccccc1)Cc1ccccc1,256.363315,3.80644928,14.599,8.737,7.208,1.195515,4.949325
C[N+]1(CCCCC[N+]2(C)CCCC2)CCCC1,240.428549,4.31850832,16.321,6.308,7.546,1.113646,3.908106
CC[n+]1c(/C=C/c2ccc(N3CCCC3)cc2)cccc1/C=C/c1ccc(N2CCCC2)cc1,450.63879,6.91017878,6.969,10.325,25.867,1.249589,4.538729
CCCCCCCCCCCC[N+](C)(C)CC(=O)OCC,300.500508,3.78785556,7.362,9.306,14.794,1.252956,4.896514
CCCCCCCCCCCCCCCC[N+](C)(C)C1CCCCC1O,368.660807,4.24964235,12.495,9.106,14.687,1.455505,6.666141
CCCCCCCCCCCCCC[N+](C)(C)Cc1ccccc1,332.587141,5.60735732,10.267,20.913,7.693,1.32799,5.299361
CCCCCCCCCCCCNC(=O)C[N+](C)(C)Cc1ccccc1,361.585308,6.26698874,10.685,6.701,23.999,1.011173,4.371388
C[N+]1(C)CCCC1COC(=O)C(O)(c1ccccc1)C1CCCCC1,346.484476,3.78494174,7.159,11.013,13.763,1.263932,4.784752
CCCOC(=O)C[N+](C)(C)CCOCCCCCCCCCCOCC[N+](C)(C)CC(=O)OCCC,518.771005,5.96298087,8.618,13.542,20.322,1.416103,6.204562
COc1cc2c3cc1Oc1cc(ccc1O)C[C@@H]1c4c(cc(OC)c(O)c4Oc4ccc(cc4)C[C@@H]3N(C)CC2)CC[N+]1(C)C,609.732635,4.64849984,16.261,10.164,12.051,1.72915,7.892878
OC(CCl)CN1CC[N+]2(CC1)CC[N+]1(CCN(CC(O)CCl)CC1)CC2,411.410611,4.94198613,8.842,17.896,7.213,1.202756,4.39906
C[N+](C)(CCOc1ccccc1)Cc1cccs1,262.390749,3.81279688,6.678,15.68,8.005,1.157445,4.26475
C[N+]1(C)[C@@H]2C[C@@H](OC(=O)C(O)(c3cccs3)c3cccs3)C[C@H]1[C@@H]1O[C@@H]12,392.512576,3.67318415,14.017,7.518,10.336,1.279054,5.486046
CC[N+](C)(CC)CCOCCOC(=O)C(c1ccccc1)[N+]1(C)CCCCC1,392.576177,4.91507824,11.857,6.79,19.162,1.179388,4.544895
CC[N+](CC)(CC)CCC(O)(c1ccccc1)C1CCCCC1,318.517429,3.56943694,13.825,7.808,11.833,1.31641,5.562695
CC[N+](CC)(CC)CCOc1ccc(/C=C/c2ccccc2)cc1,324.48052,5.25502217,6.959,20.583,8.989,1.065236,4.674128
C[N+]12CCC(CC1)C(OC(=O)C(O)(c1ccccc1)C1CCCCC1)C2,358.495212,3.58250069,13.822,10.026,8.01,1.393716,5.622168
CCCCCCCCCC[N+](C)(C)CCCCCCCCCC,326.624049,5.20024217,9.299,8.219,18.534,1.372712,5.768781
Cc1cc(C)c2cccc(OCc3c(Cl)ccc(S(=O)(=O)NC4(C(=O)N5CCN(C(=O)[C@@H](N)CCC[N+](C)(C)C)CC5)CCOCC4)c3Cl)c2n1,764.782901,6.93503106,10.751,26.897,10.229,1.842388,8.854158
CCC(C)C(C(=O)OCC[N+](C)(CC)CC)c1ccccc1,306.463599,3.88601485,9.952,7.563,12.846,1.407862,5.42634
CC[N+]1(CC)CCC(OC(=O)C(O)(c2ccccc2)c2ccccc2)C1,354.463449,3.92893169,11.593,7.624,15.77,1.23214,5.114848
O=C(O[C@H]1C[C@H]2CC[C@@H](C1)[N+]21CCCC1)C(O)(c1ccccc1)c1ccccc1,392.511538,4.03915316,16.774,10.799,7.581,1.247731,5.25268
C[N+](C)(C)Cc1ccco1,140.203166,2.27889949,10.034,6.791,5.835,0.967603,3.618252
Cc1sc[n+](CC(=O)c2ccccc2)c1C,232.321633,3.38237158,6.905,14.273,7.768,1.087317,4.136532
CNCC(=O)OCc1cccnc1N(C)C(=O)OC(C)[n+]1cnn(C[C@](O)(c2cc(F)ccc2F)[C@@H](C)c2nc(-c3ccc(C#N)cc3)cs2)c1,717.765927,5.25329383,9.985,16.618,20.019,1.769999,7.225225
CC(C)Oc1cccc(CC(=O)N2CCC[C@](CC[N+]34CCC(c5ccccc5)(CC3)CC4)(c3ccc(Cl)c(Cl)c3)C2)c1,620.672654,5.38306391,14.513,12.306,18.005,1.979132,9.62027
C[N+](C)(C)CCOC(Cc1ccccc1)c1ccccc1,284.41655,3.6185067,12.172,6.92,12.885,1.244811,4.575117
C[N+]1(C)[C@@H]2C[C@@H](OC(=O)C(O)(c3cccs3)c3cccs3)C[C@H]1[C@@H]1O[C@@H]12,392.512576,3.67789505,11.069,7.86,14.299,1.27256,4.916021
CCCCCCCCCCCCCCCC[N+](C)(C)C1CCCCC1O,368.660807,5.79269863,19.847,12.931,8.086,1.282349,5.62897
CCC(C)C(C(=O)OCC[N+](C)(CC)CC)c1ccccc1,306.463599,3.82370666,7.705,13.73,11.862,1.291998,5.367878
CN(CCCCCCN(C)C(=O)Oc1ccc[n+](C)c1)C(=O)Oc1ccc[n+](C)c1,416.514726,5.3223743,8.891,18.736,11.087,1.400617,6.344215
CC[N+](C)(CC)CCOC(=O)C(O)(c1cccs1)C1CCCC1,340.501174,3.8549761,10.583,7.427,15.017,1.23853,5.082795
CC[N+](C)(C)c1cccc(O)c1,166.240519,2.4708474,9.623,6.94,7.79,1.135962,4.504914
CCN(CC)CC[n+]1ccc2c(C)c3[nH]c4ccc(O)cc4c3c(C)c2c1,362.488781,4.31268863,16.043,7.003,11.076,0.947891,4.604534
CC[n+]1c(-c2ccccc2)c2cc(N/N=N/c3cccc(C(=N)N)c3)ccc2c2ccc(N)cc21,460.553987,5.61249848,8.465,20.609,13.036,1.256552,6.102935
CN(CC[N+]1(C)CCCC1)C(=O)C(O)(c1ccccc1)c1cccs1,359.506122,3.74444746,7.927,15.438,10.87,1.33242,5.313685
COCCOCCOCCOCCOC(=O)OC[n+]1ccc(N/C(=N/C#N)NCCCCCCOc2ccc(Cl)cc2)cc1,637.145222,10.24868471,37.622,12.161,7.346,1.048291,4.775429
CCCCCCCCCCCC(=O)OCCNC(=O)C[n+]1ccccc1,363.515001,6.15044071,21.354,6.928,10.104,1.024189,4.554058
CCCCCCCCCCCC(c1ccc(C)cc1)[N+](C)(C)C,318.560523,3.64015972,9.294,14.067,11.697,1.612185,6.850602
CC(C)Oc1cccc(CC(=O)N2CCC[C@](CC[N+]34CCC(c5ccccc5)(CC3)CC4)(c3ccc(Cl)c(Cl)c3)C2)c1,620.672654,5.28009323,15.803,9.481,18.175,1.448669,6.584683
C[N+](C)([11CH3])CCO,104.170958,1.87408487,6.289,6.323,8.441,1.04951,3.815346
CC1(C)[C@@H](O)CC[C@]2(C)[C@H]3C(=O)C=C4[C@@H]5C[C@@](C)(C(=O)OCC6CCC[N+]6(C)C)CC[C@]5(C)CC[C@@]4(C)[C@]3(C)CC[C@@H]12,582.877996,5.25839128,8.828,12.037,19.348,1.556792,6.063931
C=CC[N+]1([C@H]2C[C@H]3[C@@H]4CC[C@H]5C[C@H](O)[C@@H](N6CCOCC6)C[C@]5(C)[C@H]4CC[C@]3(C)[C@H]2OC(C)=O)CCCC1,529.775435,4.75748885,10.864,10.451,18.178,1.694383,7.657385
C[N+]1(CC(=O)c2ccc(-c3ccccc3)cc2)[C@@H]2CC[C@H]1C[C@@H](OC(=O)[C@H](CO)c1ccccc1)C2,484.607121,6.22834662,24.942,7.768,8.443,1.199999,4.911849
Cc1cc(C)c2cccc(OCc3c(Cl)ccc(S(=O)(=O)NC4(C(=O)N5CCN(C(=O)[C@@H](N)CCC[N+](C)(C)C)CC5)CCOCC4)c3Cl)c2n1,764.782901,6.66108842,12.062,10.243,27.199,1.780866,7.442096
COc1cc2c(cc1OC)[C@H](c1cc(OC)c(OC)c(OC)c1)[N@@+](C)(CCCOC(=O)/C=C(\Cl)C(=O)OCCC[N@+]1(C)CCc3cc(OC)c(OC)cc3[C@H]1Cc1cc(OC)c(OC)c(OC)c1)CC2,993.574928,8.16850725,29.221,14.718,15.258,2.453516,12.890086
CC(=O)O[C@H]1C[C@@H]2CC[C@@H]3[C@H](CC[C@@]4(C)[C@H]3C[C@H](N3CC[N+](C)(C)CC3)[C@@H]4OC(C)=O)[C@@]2(C)C[C@@H]1N1CC[N+](C)(C)CC1,602.892516,4.67452945,17.801,10.879,11.689,2.04532,9.362649
COc1cc(CC2c3c(cc(OC)c(OC)c3OC)CC[N+]2(C)CCCOC(=O)CCC(=O)OCCC[N+]2(C)CCc3cc(OC)c(OC)c(OC)c3C2Cc2cc(OC)c(OC)c(OC)c2)cc(OC)c1OC,1035.224474,5.52799101,19.012,13.721,14.754,2.866224,11.310929
Cc1ccc(C(OCC2CCCC[N+]2(C)C)c2ccccc2)cc1,324.48052,3.88581298,14.042,7.261,12.46,1.229435,4.971327
Cn1cnc([N+](=O)[O-])c1C[N+](C)(C)C/C=C/C(=O)Nc1cc2c(Nc3ccc(Cl)c(Br)c3)ncnc2cn1,601.863249,7.14779564,24.663,6.891,11.453,0.918931,3.595846
CCOC(=O)c1c[n+](C)c2n(c1=O)C(C)CCC2,251.302062,3.15253508,9.633,13.639,6.046,0.852641,3.513333
CCCC[N+]1(C)[C@@H]2C[C@@H](OC(=O)[C@H](CO)c3ccccc3)C[C@H]1[C@@H]1O[C@@H]12,360.467999,3.94258701,15.987,10.272,7.107,1.235689,4.520852
CC[N+](CC)(CC)CCOc1cccc(OCC[N+](CC)(CC)CC)c1OCC[N+](CC)(CC)CC,510.816847,5.46518825,14.882,8.647,19.503,1.396001,6.267404
COCC[n+]1c2c(n(Cc3cnccn3)c1C)C(=O)c1ccccc1C2=O,363.39062,3.95286223,6.076,15.962,12.017,0.684548,3.611552
CCCCCCCCCCCC[n+]1c(C)cc(N)c2ccccc21,327.527523,4.8570474,17.545,7.906,9.735,1.384844,5.453446
CCN(CC)c1ccc(C(=C2C=CC(=[N+](CC)CC)C=C2)c2ccccc2)cc1,385.565321,4.41383859,17.23,12.718,7.736,1.459882,5.299237
CCCCCCCCCCCCCCCC[N+](C)(C)CCN(Cc1ccc(OC)cc1)c1ncccn1,511.806508,5.70173879,19.094,9.689,15.504,1.523468,7.273081
COc1cc2c3cc1Oc1cc(ccc1O)C[C@@H]1c4c(cc(OC)c(O)c4Oc4ccc(cc4)C[C@@H]3N(C)CC2)CC[N+]1(C)C,609.732635,4.38177404,15.524,11.636,13.411,1.970737,9.487211
CCCCCCCCCCCCC[N+](C)(C)Cc1ccccc1,318.560523,5.92206479,22.343,6.296,9.555,0.99187,3.922145
C=CC[N+]1([C@H]2C[C@H]3[C@@H]4CC[C@H]5C[C@H](O)[C@@H](N6CCOCC6)C[C@]5(C)[C@H]4CC[C@]3(C)[C@H]2OC(C)=O)CCCC1,529.775435,4.93298758,8.719,18.335,11.236,1.465412,6.374071
COc1cc(CC2c3c(cc(OC)c(OC)c3OC)CC[N+]2(C)CCCOC(=O)CCC(=O)OCCC[N+]2(C)CCc3cc(OC)c(OC)c(OC)c3C2Cc2cc(OC)c(OC)c(OC)c2)cc(OC)c1OC,1035.224474,9.0101576,14.142,29.173,13.536,2.392696,11.257796
Cc1cc(/C=C/c2ccc3cc(N(C)C)ccc3[n+]2C)c(C)n1-c1ccccc1.Cc1cc(/C=C/c2ccc3cc(N(C)C)ccc3[n+]2C)c(C)n1-c1ccccc1.O=C(O)c1cc2ccccc2c(Cc2c(O)c(C(=O)O)cc3ccccc23)c1O,1153.413575,6.55722659,20.86,20.288,14.278,2.697717,12.112515
CCCCCCCCCCCCCCCC[n+]1ccccc1.O,322.549192,4.85019279,11.39,16.788,8.459,1.429228,6.027825
CC1CCCC(C)(C)C1CCC(C)[N+](C)(C)CCCCCC[N+](C)(C)C(C)CCC1C(C)CCCC1(C)C,534.987515,6.81374228,10.627,23.901,8.45,1.418272,6.077894
C[C@]12CC[C@H]([N+]3(C)CCCC3)CC1=CC[C@@H]1[C@@H]2CC[C@@]2(C)[C@H]1CCC[N+]2(C)C,386.657814,4.25936253,9.117,16.815,7.735,1.374189,5.390047
C[n+]1ccc(SCC2=C(C(=O)O)N3C(=O)[C@@H](NC(=O)/C(=N\OC(C)(C)C(=O)O)c4csc(N)n4)[C@H]3[S+]([O-])C2)cc1,609.675265,5.65186548,22.78,7.826,11.697,1.228362,5.095193
CCOC(=O)C[N+]1(C)CC[C@@H](OC(=O)[C@](O)(c2ccccc2)C2CCCC2)C1,390.494022,4.30002998,15.913,11.755,7.655,1.298673,5.431873
COC1=C(OC)C(=O)C(CCCCCCCCCC[P+](c2ccccc2)(c2ccccc2)c2ccccc2)=C(C)C1=O,597.74462,6.15075592,23.083,10.167,12.023,1.662893,7.871417
C[N@+]1(CC2CC2)CC[C@]23CC(=O)CC[C@@]2(O)[C@H]1Cc1ccc(C(N)=O)c(O)c13,385.477498,3.73596708,9.864,16.462,8.32,1.431411,6.087866
O=C1N(Cc2ccccc2)C2C[S+]3CCCC3C2N1Cc1ccccc1,365.512307,3.68041579,8.431,12.731,12.366,1.462286,5.528097
C[N+]12CCC(c3ccccc3)(CC1)C(=O)C2,216.299344,2.82678431,12.498,6.467,7.022,1.002192,4.279503
CCCCCCCCCCCCC[N+](C)(C)Cc1ccccc1,318.560523,5.9127082,10.578,20.99,7.084,1.103648,4.672715
Oc1ccc2c(c1)CC[N+]1=C2CCC2CCCC21,456.66652,5.40160894,9.433,10.882,19.932,1.652834,7.225099
CCCCCCCCCCCCCCCCCCN(CCCCCCCCCCCCCCCCCC)C(=O)C(CCCC/N=C(\S)Nc1ccc(-c2c3ccc(=[N+](C)C)cc-3oc3cc(N(C)C)ccc23)c(C(=O)[O-])c1)NC(=O)CNCCCNCCCCNCCCN,1336.041041,7.87996754,25.476,19.75,20.519,3.607816,17.501166
CCCCOc1ccc(C[N+]2(C)[C@@H]3CC[C@H]2C[C@H](OC(=O)C(CO)c2ccccc2)C3)cc1,452.606677,5.12984725,12.508,19.617,7.159,1.141896,4.831343
C[N+]1(CC2CC2)CC[C@]23c4c5ccc(O)c4O[C@H]2C(=O)CC[C@@]3(O)[C@H]1C5,356.436236,3.41895963,7.767,14.059,10.536,1.264281,5.122857
CCCCOc1ccc(C[N+]2(C)[C@@H]3CC[C@H]2C[C@H](OC(=O)C(CO)c2ccccc2)C3)cc1,452.606677,4.59333968,15.373,14.32,8.893,1.491516,6.380966
C[N+]1(CCCCC[N+]2(C)CCCC2)CCCC1,240.428549,4.31049978,16.127,6.372,7.591,1.112271,3.972513
C[N+]1(C)CCC(=C(c2ccccc2)c2ccccc2)CC1,278.411999,3.41756124,6.887,10.879,11.718,1.306653,4.492438
COc1cc2c3cc1Oc1cc(ccc1O)C[C@@H]1c4c(cc(OC)c(O)c4Oc4ccc(cc4)C[C@@H]3N(C)CC2)CC[N+]1(C)C,568.407064,4.51498026,9.865,15.786,10.862,1.604581,6.455938
C[N+](C)(C)CCCCCC[N+](C)(C)C.O.O,238.411033,4.76154339,15.951,10.498,6.406,1.003813,3.877761
CC(=O)O[C@H]1C[C@@H]2CC[C@@H]3[C@H](CC[C@@]4(C)[C@H]3C[C@H]([N+]3(C)CCCCC3)[C@@H]4OC(C)=O)[C@@]2(C)C[C@@H]1N1CCCCC1,557.82867,4.73780869,10.645,18.415,10.354,1.829544,8.066716
C[N+]1(C)CCCC(OC(=O)C(O)(c2ccccc2)c2ccccc2)C1,340.436831,3.80279247,7.842,13.716,11.446,1.356167,5.597222
CC[N+](CC)(CC)CCOC(=O)c1cc(OC)c(OC)c(OC)c1,340.435197,3.85620932,14.089,10.415,8.285,1.409158,5.508534
CC(C)[N+](C)(CCC(C(N)=O)(c1ccccc1)c1ccccc1)C(C)C,353.521782,3.58149532,11.626,12.134,9.102,1.599971,6.630864
CCCCCCCCCCCCCCCC[N+](C)(C)C[C@@H](OC)[C@@H](C[N+](C)(C)CCCCCCCCCCCCCCCC)OC,655.177792,5.53440022,11.476,12.875,20.191,2.125078,8.797892
COC1=C(OC)C(=O)C(CCCCCCCCCC[P+](c2ccccc2)(c2ccccc2)c2ccccc2)=C(C)C1=O,539.36861,6.21144643,12.53,10.343,20.239,1.739646,6.906513
CC[N+]1(CCCOC(=O)[C@H]2[C@H](c3ccccc3)[C@H](C(=O)OCCC[N+]3(CC)CCCCC3)[C@H]2c2ccccc2)CCCCC1,548.41899,5.40215979,19.368,8.267,14.641,1.159624,5.041235
OC(c1ccccc1)(c1ccccc1)C12CC[N+](CCOCc3ccccc3)(CC1)CC2,394.316854,4.34462474,9.291,15.768,10.791,1.469133,5.836527
CC(=O)O[C@H]1C[C@@H]2CC[C@@H]3[C@H](CC[C@]4(C)[C@@H](O)[C@@H]([N+]5(C)CCCCC5)C[C@@H]34)[C@@]2(C)C[C@@H]1[N+]1(C)CCCCC1,472.365906,5.13833842,10.527,7.854,18.671,1.036062,4.439337
COc1cc2c(cc1OC)[C@@H](Cc1cc(OC)c(OC)c(OC)c1)[N+](C)(CCCOC(=O)CC/C=C/CCC(=O)OCCC[N+]1(C)CCc3cc(OC)c(OC)cc3[C@H]1Cc1cc(OC)c(OC)c(OC)c1)CC2,1029.263018,11.34923348,14.759,36.401,10.643,1.718445,8.251041
Cc1c(CCO)sc[n+]1CCCCCCCCCCCC[n+]1csc(CCO)c1C,454.732964,4.52411278,13.538,8.55,14.735,1.505701,6.36405
COc1ccc(C(=O)/C=C/c2cc(-c3cc(C)cc(C)c3)ccc2OCC[N+](C)(C)C)c(C[N+](C)(C)C)c1,516.715299,5.46129091,10.076,14.555,19.329,1.831261,7.553733
CC[N+](C)(C)CCOC(=O)CCC(=O)OCC[N+](C)(C)CC,318.452786,3.50613521,10.56,8.506,12.044,1.424117,5.522236
O=[N+]([O-])c1ccc(-c2csc3[n+]2CCN3)o1,238.243261,3.12999971,4.211,8.735,12.067,0.367779,1.8111
CCCCCCCCCCCCCC[N+](C)(C)Cc1ccccc1.O.O,368.617713,7.68106843,27.095,6.51,8.671,0.92197,4.037017
COCCOCCOCCOCCOC(=O)OC[n+]1ccc(N/C(=N/CCCCCCOc2ccc(Cl)cc2)NC#N)cc1,637.145222,7.83463169,9.864,15.327,23.889,1.701327,7.069398
CC[N+](C)(CC)CCOC(=O)C(O)(c1ccccc1)C1CCCCC1,348.500357,3.93175425,14.377,11.992,7.095,1.217724,4.782543
C[N+](C)(C)C1CCC(CC2CCC([N+](C)(C)C)CC2)CC1,296.535019,4.21024647,16.307,7.712,6.622,1.210212,4.22158
CCCCCCCCCC[N+](C)(C)CCOC(=O)C12CC3CC(CC(C3)C1)C2,392.639185,3.95713093,15.62,11.76,8.88,1.595014,6.696266
CN(C)C(=O)Oc1ccc[n+](C)c1,181.212069,2.84000746,7.866,11.477,4.864,0.557855,2.559829
CC[N+](CC)(CCCNC1=CC(=O)C(NCCC[N+](CC)(CC)Cc2ccccc2)=CC1=O)Cc1ccccc1,546.787681,6.19265418,10.478,11.007,21.377,1.782748,7.813848
C[N+](C)(CC(=O)Nc1ccccc1)CC(=O)Nc1ccccc1,312.386862,3.97622751,6.12,10.87,15.812,0.93842,3.770449
CN(CCCCCCN(C)C(=O)Oc1ccc[n+](C)c1)C(=O)Oc1ccc[n+](C)c1,416.514726,4.86100947,18.115,13.289,8.685,1.313421,6.445181
C[N+](C)(C)CCCCCOCCCCC[N+](C)(C)C,274.486334,3.41738599,12.008,10.948,7.964,1.353794,5.380123
C=CC[N@@+]12CC[C@@]34c5ccccc5N5/C=C6/[C@H]7C[C@H]8[C@@]9(CC[N@@+]8(CC=C)C/C7=C/CO)c7ccccc7N(/C=C(/[C@@H](C[C@@H]31)/C(=C\CO)C2)[C@H]54)[C@@H]69,666.89504,4.18847482,11.056,16.944,12.825,1.796293,8.526914
C[N+](C)(C)CCCCCOCCCCC[N+](C)(C)C,274.486334,4.62881289,6.498,8.442,17.341,1.104322,4.073391
CCCCCCCCCCCCCCCC[N+](C)(C)C1CCCCC1O,368.660807,3.86024084,10.84,14.577,8.412,1.396433,6.019351
C[N+]1(C)CCCC1COC(=O)C(O)(c1ccccc1)C1CCCCC1,346.484476,3.81193199,6.78,11.302,13.438,1.185245,4.418547
CCCOC(=O)C[N+](C)(C)CCOCCCCCCCCCCOCC[N+](C)(C)CC(=O)OCCC,518.771005,7.09612623,11.124,8.639,25.854,1.376249,5.815974
C[N+]12CCC(CC1)C(OC(=O)C(O)(c1ccccc1)C1CCCCC1)C2,358.495212,3.59560088,11.844,12.827,7.846,1.305441,5.174258
C[N+](C)(C)Cc1ccco1,140.203166,2.27766234,10.113,6.154,6.762,0.965578,3.868262
CCCCCCCCCCCCCCCC[N+](C)(C)C1CCCCC1O,368.660807,5.02383994,18.593,6.911,10.741,1.116952,4.435677
CN(CCCCCCN(C)C(=O)Oc1ccc[n+](C)c1)C(=O)Oc1ccc[n+](C)c1,416.514726,6.6720513,23.919,10.46,6.783,0.891635,4.169284
CC[N+](C)(CC)CCOC(=O)C(O)(c1cccs1)C1CCCC1,340.501174,3.78912227,8.316,10.636,15.023,1.298053,5.709305
C[C@H](C[Se]CC(=O)NCCS(=O)(=O)O)[C@H]1CC[C@H]2[C@@H]3[C@H](O)C[C@@H]4C[C@H](O)CC[C@]4(C)[C@H]3C[C@H](O)[C@]12C,594.663181,6.53934331,8.018,24.648,9.581,1.353516,5.57232
CCCCCCCCCCCC(c1ccc(C)cc1)[N+](C)(C)C,318.560523,5.21898828,8.815,6.896,21.224,1.038527,4.441598
CC(C)Oc1cccc(CC(=O)N2CCC[C@](CC[N+]34CCC(c5ccccc5)(CC3)CC4)(c3ccc(Cl)c(Cl)c3)C2)c1,620.672654,5.3208047,16.882,9.73,16.435,1.649572,7.599041
CC(C)[N+]1(C)[C@@H]2CC[C@H]1C[C@@H](OC(=O)C(CO)c1ccccc1)C2,332.457859,3.65550645,13.375,10.406,7.74,1.351273,5.264464
CC(C(=O)N1c2ccccc2Sc2ccccc21)[N+]1(C)CCCC1,339.474954,3.42362809,7.897,11.399,13.064,1.356152,5.366098
CCCCCCCCCCCC(=O)N(C)CC[N+](C)(C)CC(=O)Nc1ccccc1,418.63671,7.09206135,10.409,25.71,7.802,1.227072,5.380321
Cc1cc(-c2ccccc2)n[n+](CCCC(=O)O)c1N,272.322892,3.58681278,9.712,14.619,6.469,0.875701,3.825145
Cc1c(-c2ccccc2)n(/N=N/n2c(-c3ccccc3)c(C)[n+]3ccccc23)c2cccc[n+]12,444.531402,4.11686984,12.872,14.388,8.445,1.642678,6.02975
O=C(O[C@H]1C[N+]2(CCCOc3ccccc3)CCC1CC2)C(O)(c1cccs1)c1cccs1,484.651254,5.03787706,13.039,7.098,19.866,1.047818,4.525329
CC[N+](CC)(CCNC(=O)C(=O)NCC[N+](CC)(CC)Cc1ccccc1Cl)Cc1ccccc1Cl,537.565615,5.13082838,17.435,9.278,11.667,1.456018,6.380683
CCCCCCCCOc1ccccc1C(=O)Nc1ccc(C(=O)OCC[N+](C)(CC)CC)cc1,483.66382,5.01739456,13.329,8.341,18.062,1.438936,5.619908
C[N+](C)(CCCCC(C#N)(c1ccccc1)c1ccccc1)CC[N+]1(C)CCOCC1,421.619073,4.63689138,7.875,15.993,11.983,1.291195,5.304387
CCCCC1(CCCC)CS(=O)(=O)c2ccc(N(C)C)cc2[C@@H](c2ccc(OCc3ccc(C[N+]45CCN(CC4)CC5)cc3)cc2)[C@H]1O,674.956635,6.90223263,23.891,15.562,10.119,1.62493,7.630169
CC(C)(C)CC(C)(C)c1ccc(OCCOCC[N+](C)(C)Cc2ccccc2)cc1,412.628894,5.56079835,7.887,20.528,9.058,1.421586,5.586466
C[N+]1(CCC(C2=CCCCC2)c2ccccc2)CCCCC1,298.486261,3.66840823,10.795,13.848,7.487,1.328238,5.072381
C[N+]1(C)CCC(OC(=O)C(O)(c2ccccc2)C2CCCC2)C1,318.431241,3.5432841,14.837,9.566,6.972,1.191952,4.653612
CCCCCCCCOc1ccccc1C(=O)Nc1ccc(C(=O)OCC[N+](C)(CC)CC)cc1,483.66382,6.16561603,7.691,20.698,14.444,1.251494,5.05554
CC[N+]1(CC)CCC(OC(=O)C(O)(c2ccccc2)c2ccccc2)C1,354.463449,3.7575527,15.505,7.08,10.179,1.164841,4.545297
CCCCCCCCCCCC(=O)c1ccc(OCC[N+](C)(C)Cc2ccccc2)cc1,438.666247,7.58685784,8.662,27.59,7.96,1.16966,5.24785
C[N+]12CCC(CC1)C(OC(=O)C(O)(c1ccccc1)C1CCCCC1)C2,358.495212,3.41724332,7.829,11.651,11.948,1.390348,5.529037
CC(=O)OC(C)C(=O)OCC[N+](C)(C)C,218.270497,3.04044078,12.01,6.372,8.214,1.04909,3.762742
CCCCCCCCCCCC[N+](C)(C)CCOc1ccc(Cl)cc1,369.004925,6.84235182,6.877,9.364,25.83,0.929621,4.432961
OC1(c2ccc(Cl)cc2)NC=N[n+]2ccc3ccccc3c21,310.758192,3.45354559,12.766,7.331,10.772,1.24134,5.216603
C[N+]1(C)CCC(OC(=O)C(O)(c2ccccc2)C2CCCCC2)C1,332.457859,3.55704267,8.454,10.672,13.077,1.475132,6.089349
COC(=O)CCC[N+](C)(C)C,160.234334,2.81484579,6.567,6.539,11.865,0.97428,4.020797
CC[N+](C)(CC)CCOC(=O)C(O)(c1ccccc1)c1cccs1,348.480147,3.77952739,13.441,11.002,7.432,1.388518,4.89078
C[N+](C)(C)CCOC(c1ccccc1)c1ccccc1,270.389932,3.48415903,7.07,11.297,12.11,1.266122,4.746906
CN(CC[N+]1(C)CCCC1)C(=O)C(O)(c1ccccc1)c1cccs1,359.506122,3.5811249,14.514,7.845,11.1,1.36609,5.292645
CC[N+](C)(CC)CCOC(C)(c1ccccc1)C1CC2C=CC1C2,328.512284,3.57933532,10.969,13.429,7.382,1.366295,4.961816
CCCCCCCCCCCC(=O)c1ccc(OCC[N+](C)(C)Cc2ccccc2)cc1,438.666247,7.56662429,9.576,8.659,27.345,1.38688,6.251211
C=CCCCCCCCCC(=O)NCCC[N+](C)(C)C,283.473248,4.60722297,15.659,8.357,10.412,1.386042,5.93717
C[N+](C)(C)CC[N+]1(C)Cc2c(Cl)c(Cl)c(Cl)c(Cl)c2C1,358.134274,3.51877469,9.77,12.141,10.159,1.336089,6.2698
C[N+](C)(C)CCOC(=O)C(O)(c1ccccc1)c1ccccc1,314.399478,3.72104372,11.471,13.746,7.552,1.295585,5.237072
C=CC[N+]1([C@H]2C[C@H]3[C@@H]4CC[C@H]5C[C@H](O)[C@@H](N6CCOCC6)C[C@]5(C)[C@H]4CC[C@]3(C)[C@H]2OC(C)=O)CCCC1,529.775435,4.74504548,8.976,17.718,10.786,1.613917,6.718109
CC[N+](C)(CC)CCOC(=O)C(O)(c1ccccc1)c1ccccc1,342.452713,4.07154022,15.537,11.946,7.456,1.181663,5.037049
Clc1ccc(Nc2cc[n+]3ccccc3c2)cc1Cl,290.167668,3.85954407,8.658,14.713,5.429,0.703092,3.14583
C[N+]1(C)CCC(OC(=O)C(O)(c2ccccc2)c2ccccc2)CC1,340.436831,3.69699713,7,11.473,14.823,1.19747,4.627772
CCCCCCCCCCCCCCCC[N+](C)(C)CCCC[N+](C)(C)CCCCCCCCCCCCCCCC,595.125747,7.26527486,10.871,29.049,13.708,1.736765,8.48603
C[N+]1(C)CCN(CC(O)(c2ccccc2)C2CCCCC2)CC1,317.489574,3.50547137,7.303,12.548,11.483,1.286107,4.936409
CN(CCCCCCCCCCN(C)C(=O)Oc1cccc([N+](C)(C)C)c1)C(=O)Oc1cccc([N+](C)(C)C)c1,556.7809,7.63687864,25.503,11.567,9.019,1.547229,6.697648
C[N+]1(C)CCCCC1COC(=O)C(O)(c1ccccc1)c1ccccc1,354.463449,3.78814415,14.577,11.193,7.377,1.300103,4.977766
C[N+]1(CCC(C(N)=O)(c2ccccc2)c2ccccc2)CCCCC1,337.479283,3.58104372,11.959,13.405,9.133,1.489547,6.672956
Cc1cc(C)c2cccc(OCc3c(Cl)ccc(S(=O)(=O)NC4(C(=O)N5CCN(C(=O)[C@@H](N)CCC[N+](C)(C)C)CC5)CCOCC4)c3Cl)c2n1,764.782901,6.57426415,12.368,10.274,25.18,1.631471,7.731604
CC[N+]1(CCOC(=O)c2cc(OC)c(OC)c(OC)c2)CCCC1,338.419315,4.47831076,6.788,10.382,16.667,1.011559,4.425493
CC(C)C(c1ccccc1)C(O)CC[N+]1(C)CCCCC1,290.464194,3.75101683,13.749,7.692,10.356,1.282928,5.06711
CCCC[N+](C)(C)c1c(C)n(C)n(-c2ccccc2)c1=O,288.408484,3.55303363,15.601,8.502,8.374,1.381152,5.946305
CCCCCCC[N+](CC)(CC)CCCCc1ccc(Cl)cc1,338.978903,4.74805361,16.377,11.525,8.545,1.377555,6.053361
CCCCCCCC[N+](CC)(CC)CCOC(=O)C(C1CCCC1)C1CCCC1,408.681684,4.39502489,14.598,11.09,9.818,1.846609,7.498611
COc1cc2c(cc1OC)[C@H](c1cc(OC)c(OC)c(OC)c1)[N@@+](C)(CCCOC(=O)/C=C(\Cl)C(=O)OCCC[N@+]1(C)CCc3cc(OC)c(OC)cc3[C@H]1Cc1cc(OC)c(OC)c(OC)c1)CC2,993.574928,8.89598267,30.955,10.522,14.141,1.94371,7.980939
CC[N+]1(C)CCc2ccccc2C1,176.278468,2.61654608,6.156,11.648,7.753,0.897058,3.71276
CC[N+](C)(CC)CCC(C)OC(=O)c1ccc(Br)o1,333.241386,4.38000122,7.793,16.412,8.282,1.131051,4.332559
C[N+]1(C)CCC(OC(=O)C(O)(c2ccccc2)c2ccccc2)C1,326.410214,3.57047508,7.373,14.797,10.939,1.23293,4.856457
Cn1cnc([N+](=O)[O-])c1C[N+](C)(C)C/C=C/C(=O)Nc1cc2c(Nc3ccc(Cl)c(Br)c3)ncnc2cn1,601.863249,6.1928031,6.6,20.254,13.162,0.928944,4.01749
CCN(CC)c1ccc(C(=C2C=CC(=[N+](CC)CC)C=C2)c2ccccc2)cc1,385.565321,4.30753694,15.808,13.805,7.513,1.321828,5.051744
C=CC[N+]1([C@H]2C[C@H]3[C@@H]4CC[C@H]5C[C@H](O)[C@@H](N6CCOCC6)C[C@]5(C)[C@H]4CC[C@]3(C)[C@H]2OC(C)=O)CCCC1,529.775435,4.72558259,11.002,17.363,11.476,1.750172,8.319159
C[N+]1(C)[C@@H]2C[C@@H](OC(=O)C(O)(c3cccs3)c3cccs3)C[C@H]1[C@@H]1O[C@@H]12,392.512576,3.65933109,13.365,11.27,8.344,1.425255,5.449804
C[N+]1(CCC(O)(c2ccccc2)c2cccs2)CCOCC1,318.454125,3.54190826,11.529,7.679,13.275,1.28353,5.164047
Clc1ccc(Nc2cc[n+]3ccccc3c2)cc1Cl,290.167668,3.87469114,8.656,14.802,5.335,0.676979,2.994611
COc1cc(CC2c3c(cc(OC)c(OC)c3OC)CC[N+]2(C)CCCOC(=O)CCC(=O)OCCC[N+]2(C)CCc3cc(OC)c(OC)c(OC)c3C2Cc2cc(OC)c(OC)c(OC)c2)cc(OC)c1OC,1035.224474,5.3854666,21.582,15.3,11.391,1.97664,8.983771
COC1=C(/C=C/C2=[N+](CCC(=O)NCCCO[C@H]3[C@H]4O[C@H]5[C@H](O)[C@@H](O)[C@@H](O[C@H]6[C@H](O)[C@@H](O)[C@@H](O[C@H]7[C@H](O)[C@@H](O)[C@@H](O[C@H]8[C@H](O)[C@@H](O)[C@@H](O[C@H]9[C@H](O)[C@@H](O)[C@@H](O[C@H]%10[C@H](O)[C@@H](O)[C@@H](O[C@@H]([C@@H]3O)[C@@H](CO)O4)O[C@@H]%10CO)O[C@@H]9CO)O[C@@H]8CO)O[C@@H]7CO)O[C@@H]6CO)O[C@@H]5CO)c3ccc4ccccc4c3C2(C)C)CCC/C1=C\C=C1\N(CCC(=O)NCCCO[C@H]2[C@H]3O[C@H]4[C@H](O)[C@@H](O)[C@@H](O[C@H]5[C@H](O)[C@@H](O)[C@@H](O[C@H]6[C@H](O)[C@@H](O)[C@@H](O[C@H]7[C@H](O)[C@@H](O)[C@@H](O[C@H]8[C@H](O)[C@@H](O)[C@@H](O[C@H]9[C@H](O)[C@@H](O)[C@@H](O[C@@H]([C@@H]2O)[C@@H](CO)O3)O[C@@H]9CO)O[C@@H]8CO)O[C@@H]7CO)O[C@@H]6CO)O[C@@H]5CO)O[C@@H]4CO)c2ccc3ccccc3c2C1(C)C,3043.997047,11.7253482,25.652,18.034,38.299,3.363399,15.463192
C=C1C[N+]2(CCCCC2)Cc2c1oc1c(OC)c3occc3c(OC)c1c2=O,382.430496,3.97285464,7.332,15.774,11.293,1.032642,4.94212
C[N+](C)(C)CCOC(c1ccccc1)c1ccccc1,270.389932,3.48449837,12.043,11.269,7.169,1.260784,4.798766
C[N+]1(C)[C@@H]2C[C@@H](OC(=O)[C@H](CO)c3ccccc3)C[C@H]1[C@@H]1O[C@@H]12,318.388147,3.81383426,8.615,15.069,6.984,1.198254,5.046931
CCCCCCCCCCCC(=O)N(C)CC[N+](C)(C)CC(=O)Nc1ccccc1,418.63671,6.31751896,25.021,8.251,10.307,1.356118,5.716463
COC(=O)CCC[N+](C)(C)C,160.234334,2.84078961,6.607,6.501,12.044,0.970687,3.975798
CC[N+](C)(CC)CCOC(C)(c1ccccc1)C1CC2C=CC1C2,328.512284,3.66130871,12.861,10.41,8.432,1.557824,5.979267
C[N+]1(C)CCC(OC(=O)C(O)(c2ccccc2)c2ccccc2)C1,326.410214,3.60539339,7.285,14.788,11.135,1.189002,4.903889
CCCCCCCCCCCCCCCC[N+](C)(C)C,284.544197,5.57334296,6.423,10.162,18.75,1.053258,4.089774
CC[N+](C)(C)CCSCC[N+](C)(C)CC,234.445247,3.91032613,6.66,15.253,7.163,1.114385,4.232746
C[N+](C)(C)CCCCC[N+](C)(C)C,188.353842,3.05802162,6.378,7.614,12.166,1.125462,3.925592
C[N+](C)(C)Cc1ccco1,140.203166,2.27681211,10.02,5.831,6.791,0.968009,3.619468
CC[N+](C)(CC)CCC(C)OC(=O)c1ccc(Br)o1,333.241386,3.99765565,14.056,9.092,8.077,1.250992,4.960281
C[N+]1(C)[C@@H]2C[C@@H](OC(=O)[C@H](CO)c3ccccc3)C[C@H]1[C@@H]1O[C@@H]12,318.388147,3.48579478,6.886,12.355,9.716,1.211151,4.506617
CC1CCC(C)[N+]1(C)CCOC(=O)C(O)(c1ccccc1)c1ccccc1,368.490066,3.75034607,14.716,7.562,10.369,1.404869,5.326694
Cc1cc(/C=C/c2ccc3cc(N(C)C)ccc3[n+]2C)c(C)n1-c1ccccc1.Cc1cc(/C=C/c2ccc3cc(N(C)C)ccc3[n+]2C)c(C)n1-c1ccccc1.O=C(O)c1cc2ccccc2c(Cc2c(O)c(C(=O)O)cc3ccccc23)c1O,1153.413575,7.0788298,23.296,20.734,14.017,2.676825,11.812112
CC1CCCC(C)(C)C1CCC(C)[N+](C)(C)CCCCCC[N+](C)(C)C(C)CCC1C(C)CCCC1(C)C,534.987515,4.614192,9.734,17.049,12.86,1.665805,7.435295
C[n+]1ccc(SCC2=C(C(=O)O)N3C(=O)[C@@H](NC(=O)/C(=N\OC(C)(C)C(=O)O)c4csc(N)n4)[C@H]3[S+]([O-])C2)cc1,609.675265,5.94023605,23.336,11.097,9.003,1.378702,6.38401
CCCCCCCCCCCC[N+](C)(C)CCOc1ccc(Cl)cc1,369.004925,4.41463358,14.189,13.044,7.388,1.254882,5.245733
C[N@+]1(CC2CC2)CC[C@]23CC(=O)CC[C@@]2(O)[C@H]1Cc1ccc(C(N)=O)c(O)c13,385.477498,3.73619817,9.891,16.431,8.303,1.429721,6.117469
C[N+]12CCC(c3ccccc3)(CC1)C(=O)C2,216.299344,2.82676266,12.498,6.467,7.023,1.002195,4.278864
Cc1cc(OCCC[N+](C)(C)Cc2ccc(Br)cc2)c(C(C)C)cc1Cl,439.836986,5.89699601,7.448,20.488,9.994,1.109264,5.003367
O=C(O[C@H]1C[N+]2(CCCOc3ccccc3)CCC1CC2)C(O)(c1cccs1)c1cccs1,484.651254,4.87671653,13.434,19.273,6.785,1.063932,4.111807
Cc1cc(OCCC[N+](C)(C)Cc2ccc(Br)cc2)c(C(C)C)cc1Cl,439.836986,4.42875417,11.607,14.347,7.119,1.159095,5.116074
C[N+](C)(C)CCOC(Cc1ccccc1)c1ccccc1,284.41655,3.30876426,8.058,11.833,11.111,1.424046,5.795849
CC(C)[N+](C)(CCOC(=O)C1c2ccccc2Oc2ccccc21)C(C)C,368.490066,3.83825889,8.148,10.636,14.255,1.559606,5.761974
CC[n+]1c(-c2ccccc2)c2cc(N)ccc2c2ccc(N)cc21,314.404379,3.55146801,6.709,14.048,11.859,0.851905,4.300324
CC[N+](C)(C)Cc1cccc(OC)c1,194.293754,2.96664223,11.9,8.297,6.429,1.029195,4.024796
CC(C)[N+]1(C)[C@@H]2CC[C@H]1C[C@@H](OC(=O)C(CO)c1ccccc1)C2,332.457859,3.52157531,7.518,9.468,12.766,1.395939,5.155128
CCCC(CCC)C(=O)O[C@H]1C[C@H]2CC[C@@H](C1)[N+]2(C)C(C)C,310.495362,3.94691777,9.512,14.459,8.767,1.377124,6.351158
CCCOC(=O)C[N+](C)(C)CCOCCCCCCCCCCOCC[N+](C)(C)CC(=O)OCCC,518.771005,7.7221251,10.405,26.686,10.738,1.842432,7.884417
CC(=O)OC(C)C[N+](C)(C)C,160.234334,2.3889877,9.678,7.96,6.4,1.016211,4.079417
O=[N+]([O-])c1ccc(-c2csc3[n+]2CCN3)o1,238.243261,3.130638,12.07,8.731,4.206,0.367809,1.806277
CC12CCC(C[N+](C)(CCC[N+](C)(C)C)C1)C2(C)C,268.481784,3.66862635,8.135,7.31,14.152,1.276754,4.884422
CCCCCCCCCCCC(=O)OCCNC(=O)C[n+]1ccccc1,363.515001,5.85227315,9.701,20.099,7.949,1.335058,5.265124
C[N+]1(CC2CC2)CC[C@]23c4c5ccc(O)c4O[C@H]2C(=O)CC[C@@]3(O)[C@H]1C5,356.436236,3.34050462,11.206,7.471,12.493,1.29478,5.159947
CCN1/C(=C/C=C/C=C/c2sc3ccccc3[n+]2CC)Sc2ccccc21,391.572544,5.1823135,6.651,9.759,19.72,0.958351,4.122531
O=C1N(Cc2ccccc2)C2C[S+]3CCCC3C2N1Cc1ccccc1,365.512307,3.76585731,7.965,13.434,12.21,1.410767,5.243193
CC(=O)OC(C)C[N+](C)(C)C,160.234334,2.39133845,6.36,7.921,9.749,1.016149,4.065432
C[N+](C)(C)CCOC(c1ccccc1)c1ccccc1,270.389932,3.46865656,11.812,7.161,11.603,1.268766,4.788323
COC1CC(=C(c2cccs2)c2cccs2)C[N+](C)(C)C1,320.49289,3.20222104,12.061,11.271,7.504,1.22921,4.63392
C[N+]1(Cc2ccc(-c3ccccc3)cc2)[C@@H]2CC[C@H]1C[C@@H](OC(=O)C(CO)c1ccccc1)C2,456.596981,5.46915511,7.408,10.731,20.125,1.290187,4.941599
CCCC[N+](C)(C)c1c(C)n(C)n(-c2ccccc2)c1=O,288.408484,3.54659772,15.299,8.867,7.918,1.342687,5.219729
CC[N+](C)(C)C(C)CC(c1ccccc1)c1ccccc1,282.443762,3.55154149,12.695,11.058,7.401,1.371001,5.023958
C[N+]1(CCC(C2=CCCCC2)c2ccccc2)CCCCC1,298.486261,3.61651491,13.69,10.796,7.59,1.264248,5.235647
C[n+]1cc2c3c(ccc2c2ccc4cc5c(cc4c21)OCO5)OCO3,332.330211,4.03128322,9.007,15.796,5.777,0.618323,3.276605
CC[N+](CC)(CC(=O)Nc1c(C)cccc1C)Cc1ccccc1,325.468547,4.06664356,8.659,16.066,8.502,1.518864,7.173886
C[N+]1(CC2CC2)CC[C@]23c4c5ccc(O)c4O[C@H]2C(=O)CC[C@@]3(O)[C@H]1C5,356.436236,3.41907194,14.085,7.767,10.536,1.263611,5.1249
Cc1cc(C(C)(C)CC(C)(C)C)ccc1OCCOCC[N+](C)(C)Cc1ccccc1,426.655511,4.78862199,8.571,11.645,18.595,1.462703,6.030608
C[N+]1(CCCF)C2CCC1CC(OC(=O)C(O)(c1ccccc1)c1ccccc1)C2,412.517882,4.17132404,16.49,7.772,11.004,1.406107,5.517984
CC(C)C[N+]1(C)[C@@H]2CC[C@H]1C[C@@H](OC(=O)C(c1ccccc1)C1CCCC1)C2,384.575659,4.26422747,15.721,11.744,8.844,1.46738,6.365953
CC(C)[N+]1(C)[C@@H]2CC[C@H]1C[C@@H](OC(=O)C(CO)c1ccccc1)C2,332.457859,3.89192929,7.251,8.7,15.364,1.295331,4.794209
CN(C)c1ccc(C(O)(c2ccc(N(C)C)cc2)c2ccc(N(C)C)cc2)cc1,389.534075,4.44845894,7.889,16.355,14.551,1.412233,5.526026
CCCCCCCCCCCCCC[n+]1ccc(C)cc1,290.507288,3.29357782,11.214,10.43,8.612,1.720385,6.046792
CC[N+](CC)(CC)CC,130.251405,2.13139782,7.576,7.532,5.605,0.994266,3.205367
C[n+]1ccc(C(=O)NCc2ccccc2)cc1,227.282225,3.7171525,14.527,7.92,6.889,0.962785,4.594701
O/N=C/c1cc[n+](CCC[n+]2ccc(/C=N/O)cc2)cc1,286.329595,4.98213246,18.678,8.362,6.943,1.202097,4.539972
C[n+]1ccccc1/C=N/O,137.159429,2.35554919,8.149,10.379,4.213,0.294166,1.813005
CCCC[N+]1(C)[C@@H]2C[C@@H](OC(=O)[C@H](CO)c3ccccc3)C[C@H]1[C@@H]1O[C@@H]12,360.467999,4.43963692,19.229,6.999,8.859,1.173463,4.853853
CC[N+](CC)(CCNC(=O)C(=O)NCC[N+](CC)(CC)Cc1ccccc1Cl)Cc1ccccc1Cl,537.565615,6.09310624,10.971,20.694,9.38,1.638703,6.64258
C[N+]1(C)[C@@H]2CC[C@H]1C[C@@H](OC(=O)C(CO)c1ccccc1)C2,304.404624,3.62916405,14.01,9.893,7.207,1.193976,4.839277
O=C(C[n+]1ccn(CC(OCc2ccc(Cl)cc2Cl)c2ccc(Cl)cc2Cl)c1)c1ccc(F)cc1,553.260318,4.5380065,13.974,11.672,11.569,2.030649,8.522255
CN(C)c1ccc(/C=C/c2scc(-c3ccc(-c4ccccc4)cc3)[n+]2C)cc1,397.555846,6.0342142,6.648,8.787,23.612,0.994923,4.234541
C[N+]1(C)[C@@H]2CC[C@H]1C[C@@H](OC(=O)C(CO)c1ccccc1)C2,304.404624,3.47644715,10.433,6.956,12.269,1.221119,4.624723
OC(CCl)CN1CC[N+]2(CC1)CC[N+]1(CCN(CC(O)CCl)CC1)CC2,411.410611,4.53630871,11.151,15.546,7.508,1.238818,4.945081
C[N+]1(CCC(C(N)=O)(c2ccccc2)c2ccccc2)CCCCC1,337.479283,3.56326143,8.95,13.657,11.048,1.458776,6.533896
COc1ccc(CC2c3cc(OC)c(OC)cc3CC[N+]2(C)CCC(=O)OCCCCCOC(=O)CC[N+]2(C)CCc3cc(OC)c(OC)cc3C2Cc2ccc(OC)c(OC)c2)cc1OC,929.147002,6.07901778,24.463,14.088,11.723,1.876971,9.190322
C[n+]1ccccc1C=NO,137.159429,2.35558128,8.149,10.379,4.213,0.294204,1.81316
C[N+](C)(C)CCCCCCCCCC[N+](C)(C)C,258.486929,4.80025099,17.037,6.419,9.019,1.053901,4.018375
C[N+](C)(C)C1CCC(CC2CCC([N+](C)(C)C)CC2)CC1,296.535019,4.24262833,6.825,7.034,16.648,1.223317,4.453334
C[N+](C)(C)CCCCCCCCCC[N+](C)(C)C,258.486929,4.64296809,17.208,8.822,6.678,1.074985,4.233879
Cc1c2cc[n+](C)cc2c(C)c2c1[nH]c1ccc(O)cc12,277.34105,3.57353842,9.441,14.755,4.203,0.356384,1.80305
CC[N+](CC)(CC)CCC(O)(c1ccccc1)C1CCCCC1,318.517429,3.58731475,12.966,11.847,8.19,1.373012,5.759861
CC[N+]1(C)CCC(OC(=O)C(c2noc3ccccc23)N2CCCCCC2)CC1,400.535236,3.86148919,8.753,13.979,12.998,1.372398,6.105199
Cc1cc(/C=C/c2ccc3cc(N(C)C)ccc3[n+]2C)c(C)n1-c1ccccc1.Cc1cc(/C=C/c2ccc3cc(N(C)C)ccc3[n+]2C)c(C)n1-c1ccccc1,765.043168,5.21046477,15.056,21.816,12.321,2.13599,9.929666
C[n+]1ccccc1C=NO,137.159429,2.35551735,8.149,10.379,4.213,0.294166,1.813011
CCCCCCCCCC[N+](C)(C)CCCCCCCCCC,326.624049,5.60565451,8.304,20.674,10.69,1.338674,5.926543
CCCCCCCCCCCC[N+](CCO)(CCO)Cc1ccccc1,364.58595,6.15007966,24.685,10.645,5.958,0.947772,3.421427
CC[N+]1(CCOC(=O)c2cc(OC)c(OC)c(OC)c2)CCCC1,338.419315,4.53310137,6.205,10.494,16.7,0.884088,3.828362
CCCCCCCCCCCC[N+](CCO)(CCO)Cc1ccccc1,364.58595,6.1895167,24.75,5.873,10.068,0.973307,3.525742
C[N+]1(C)CCC(OC(=O)C(O)(c2ccccc2)C2CCCC2)C1,318.431241,3.39750664,13.961,10.024,7.226,1.295566,4.888355
C[N+]12CCCCC1CCC(=C(c1cccs1)c1cccs1)C2,330.530838,3.45917225,6.814,13.285,10.246,1.104559,3.933357
CC(C)C[N+]1(C)[C@@H]2CC[C@H]1C[C@@H](OC(=O)C(c1ccccc1)C1CCCC1)C2,384.575659,4.10348211,11.764,7.184,15.176,1.252404,4.832889
CCOC(=O)C(C(=O)OC1CC2CCC(C1)[N+]2(C)C)c1ccccc1,346.441382,3.87708442,6.701,15.429,9.571,1.200521,4.335749
C[N+]1(CC(=O)c2ccc(-c3ccccc3)cc2)[C@@H]2CC[C@H]1C[C@@H](OC(=O)[C@H](CO)c1ccccc1)C2,484.607121,6.34419207,8.703,7.433,24.659,1.26243,5.076473
C[14CH2][N+]([14CH2]C)([14CH2]C)[14CH2]C,130.251405,2.13134877,7.527,5.583,7.489,0.994271,3.182608
CCCCCOc1ccc(-c2ccc(-c3ccc(C(=O)N[C@H]4C[C@@H](O)[C@@H](OCC[N+](C)(C)C)NC(=O)[C@@H]5[C@@H](O)[C@@H](C)CN5C(=O)[C@H]([C@@H](C)O)NC(=O)[C@H]([C@H](O)[C@@H](O)c5ccc(O)cc5)NC(=O)[C@@H]5C[C@@H](O)CN5C(=O)[C@H]([C@@H](C)O)NC4=O)cc3)cc2)cc1,1226.394835,7.9132087,18.69,15.834,31.995,3.125151,13.308791
CCCCCCCCCCCCC[N+](C)(C)Cc1ccccc1,318.560523,5.23109455,8.196,8.714,20.046,1.292681,5.96085
CCCCCCCCCCCCCCCCCCN(CCCCCCCCCCCCCCCCCC)C(=O)C(CCCC/N=C(\S)Nc1ccc(-c2c3ccc(=[N+](C)C)cc-3oc3cc(N(C)C)ccc23)c(C(=O)[O-])c1)NC(=O)CNCCCNCCCCNCCCN,1336.041041,8.39156337,11.252,30.556,24.986,1.770701,8.823967
C[N+]1(CC2CC2)CC[C@]23c4c5ccc(O)c4O[C@H]2C(=O)CC[C@@]3(O)[C@H]1C5,356.436236,3.41833774,7.762,14.078,10.543,1.264756,5.123264
CC(=O)O[C@H]1C[C@@H]2CC[C@@H]3[C@H](CC[C@@]4(C)[C@H]3C[C@H]([N+]3(C)CCCCC3)[C@@H]4OC(C)=O)[C@@]2(C)C[C@@H]1N1CCCCC1,557.82867,4.31206608,10.577,11.334,16.217,1.949632,8.271178
C[N+]1(C)CCCC(OC(=O)C(O)(c2ccccc2)c2ccccc2)C1,340.436831,3.71231295,8.023,12.756,11.544,1.435996,5.521923
CC[N+](CC)(CC)CCOC(=O)c1cc(OC)c(OC)c(OC)c1,340.435197,4.02111729,15.822,10.549,8.059,1.226702,5.679225
CC(C)[N+](C)(CCC(C(N)=O)(c1ccccc1)c1ccccc1)C(C)C,353.521782,3.64627753,9.486,11.632,13.197,1.636246,7.058011
CCCCCCCCCCCCCCCC[N+](C)(C)C[C@@H](OC)[C@@H](C[N+](C)(C)CCCCCCCCCCCCCCCC)OC,655.177792,5.17574016,17.672,11.591,13.442,2.133356,9.313965
CCCCCCCCCCCCCCCC[N+](C)(C)C,284.544197,4.65712591,6.556,16.366,11.266,0.992096,4.062569
CC(C)[N+]1(C)[C@@H]2CC[C@H]1C[C@@H](OC(=O)C(CO)c1ccccc1)C2.O,350.473145,3.68261784,9.585,13.387,10.166,1.607625,6.68244
CCCc1ncc(C[n+]2ccccc2C)c(N)n1,243.32799,3.49265253,14.067,8.545,7.344,1.250631,5.05048
C[N+]1(C)CCC(OC(=O)C(O)(c2ccccc2)c2cccs2)C1,332.437648,3.36452068,10.107,13.997,7.525,1.378719,4.917189
C[N+]1(C)CCC(OC(=O)C(O)(c2ccccc2)C2CCCCC2)C1,332.457859,3.45800458,11.88,13.405,7.523,1.325152,5.11085
CC[N+](C)(C)CCSCC[N+](C)(C)CC,234.445247,3.88138469,14.603,8.148,5.968,1.056164,3.29593
CC[N+](CC)(CC)CCOC(=O)C(C1CCCC1)C1CCCC1,324.52198,4.0012431,15.067,10.529,8.901,1.35434,6.491942
COC1CC(=C(c2cccs2)c2cccs2)C[N+](C)(C)C1,320.49289,3.18807367,12.075,11.231,7.43,1.229261,4.582401
CCCCC1(CCCC)CS(=O)(=O)c2ccc(N(C)C)cc2[C@@H](c2ccc(OCc3ccc(C[N+]45CCN(CC4)CC5)cc3)cc2)[C@H]1O,674.956635,7.02539422,14.507,26.054,11.307,1.60836,8.534936
CN(C)C(=O)Oc1ccc[n+](Cc2ccccc2)c1,257.308248,3.59225034,6.759,14,9.965,1.072478,4.233211
C[n+]1ccc(SCC2=C(C(=O)O)N3C(=O)[C@@H](NC(=O)/C(=N\OC(C)(C)C(=O)O)c4csc(N)n4)[C@H]3[S+]([O-])C2)cc1,609.675265,5.45129012,22.507,10.829,9.243,1.514896,6.486512
Cc1c(CCO)sc[n+]1CCCCCCCCCCCC[n+]1csc(CCO)c1C,454.732964,4.94721034,17.025,8.93,11.87,1.546498,6.024247
CC(C(=O)N1c2ccccc2Sc2ccccc21)[N+]1(C)CCCC1,339.474954,3.47892766,11.826,12.909,7.131,1.098983,4.249645
CC[N+](C)(C)[C@@H]1C=C2C=C[C@H]3[C@@H]4CC[C@@H]5[C@H](C)N(C)C[C@@]54CC[C@@H]3[C@@]2(C)CC1,383.633992,4.26512069,16.968,7.607,8.233,1.347778,5.34562
C[N+]1(CCC(O)(c2ccccc2)c2cccs2)CCOCC1,318.454125,3.54956783,11.302,7.605,13.378,1.310763,5.06422
C[N+](C)(C)CCOC(=O)CCC(=O)OCC[N+](C)(C)C,290.399551,3.34726316,12.37,6.58,10.352,1.12292,4.223838
OC1(c2ccc(Cl)cc2)NC=N[n+]2ccc3ccccc3c21,310.758192,3.40912859,7.408,12.634,11.36,1.225194,5.736721
CCCCN(CCCC)C(=O)OCC[N+](C)(C)CC.CCCCN(CCCC)C(=O)OCC[N+](C)(C)CC.O=S(=O)([O-])[O-],642.933006,7.86656521,27.767,13.069,9.49,1.579211,6.9829
COc1cc(Br)c(C[N+]2(CCOCCC3CCC4CC3C4(C)C)CCOCC2)cc1OC,511.512555,4.86305978,10,14.326,16.055,1.435218,6.530505
COC1=C(OC)C(=O)C(CCCCCCCCCC[P+](c2ccccc2)(c2ccccc2)c2ccccc2)=C(C)C1=O,583.718003,5.33317268,17.421,12.763,11.797,2.088021,9.56501
CC(=O)O[C@H]1C[C@@H]2CC[C@@H]3[C@H](CC[C@@]4(C)[C@H]3C[C@H]([N+]3(C)CCCCC3)[C@@H]4OC(C)=O)[C@@]2(C)C[C@@H]1[N+]1(C)CCCCC1,572.863228,4.73199055,10.208,11.792,19.136,1.632412,7.545271
C[N+](C)(C)CCOC(=O)NCCCCCCNC(=O)OCC[N+](C)(C)C,376.535309,6.78203953,6.616,23.325,9.626,1.040579,4.096582
Clc1ccc(COC(C[n+]2ccn(CCc3ccccc3)c2)c2ccc(Cl)cc2Cl)c(Cl)c1,521.286332,4.66547816,16.205,13.765,10.108,1.757744,7.61243
CC[N+](C)(C)Cc1ccccc1Br,243.163319,2.62618938,10.023,7.086,8.814,1.119625,4.163915
C[N+](C)(C)CCOC(=O)C(O)(c1ccccc1)C1CC2C=CC1C2,330.441977,3.6051497,12.634,7.719,11.943,1.335023,5.031747
CC[N+](C)(C)c1cccc(O)c1,166.240519,2.47130869,9.624,7.796,6.935,1.132866,4.497288
C[N+]12CCC(CC1)C(OC(=O)C(O)(c1ccccc1)c1ccccc1)C2,352.447567,3.81289761,11.468,7.085,14.008,1.280996,4.72244
CCCC(CCC)C(=O)O[C@H]1C[C@H]2CC[C@@H](C1)[N+]2(C)C(C)C,310.495362,3.79567783,7.211,16.028,8.687,1.197609,4.889616
CC1CCCC(C(=O)OCC[N+](C)(C)C)[N+]1(C)C,258.400741,3.469504,13.588,7.947,7.441,1.307908,5.064701
COc1cc(N)cn[n+]1-c1ccccc1,202.232898,2.87430642,4.787,9.181,12.457,0.545109,2.41909
CC1CCCC(C(=O)OCC[N+](C)(C)C)[N+]1(C)C,258.400741,3.48988029,13.737,8.007,7.287,1.273479,4.950396
CC[N+](C)(C)CCOC(=O)CCC(=O)OCC[N+](C)(C)CC,318.452786,5.39859289,19.477,7.247,7.013,1.084594,3.984074
COc1c(O)c(C)c(CCCCCCCCCC[P+](c2ccccc2)(c2ccccc2)c2ccccc2)c(O)c1OC,585.733885,7.14685845,23.936,11.958,11.29,1.681557,8.990165
CC[N+](C)(C)CCOC(=O)C(O)(c1ccccc1)c1ccccc1,328.426096,3.88265605,14.386,11.406,7.01,1.222583,4.577644
CCOP(=O)(OCC)SCC[N+](C)(C)C,256.322728,3.00092533,12.185,7.752,8.468,1.25424,4.935236
CCCCCCCCCCCCCC[n+]1ccc(C)cc1,290.507288,4.81875373,8.044,18.582,9.698,1.203282,5.632564
C[N+](C)(C)CCOC(=O)CCC(=O)OCC[N+](C)(C)C,290.399551,4.20576934,7.963,16.121,7.369,1.201738,4.539211
CC[N+](CC)(CC)CC(=O)Nc1c(C)cccc1C,263.398986,3.22987147,11.663,8.734,8.788,1.454724,6.092302
C[N+](C)(C)CCO,104.170958,1.87480955,8.441,6.312,6.294,1.049606,3.82734
COc1cc(Br)c(C[N+]2(CCOCCC3CCC4CC3C4(C)C)CCOCC2)cc1OC,511.512555,5.07703732,11.394,8.825,18.383,1.41911,6.671507
COCC[n+]1c2c(n(Cc3cnccn3)c1C)C(=O)c1ccccc1C2=O,363.39062,3.72046195,13.403,12.264,7.426,1.215449,4.971434
Cc1cc(Nc2ccc3c(c2)c(-c2ccc(N)cc2)[n+](C)c2cc(N)ccc32)nc(N)[n+]1C,437.540456,4.92634331,17.556,14.563,6.526,0.82472,4.156553
Cc1c(CCO)sc[n+]1CCCCCCCCCCCC[n+]1csc(CCO)c1C,454.732964,6.50982498,21.435,11.84,7.805,1.284714,5.259295
CC(CN1c2ccccc2Sc2ccccc21)[N+](C)(C)C,299.454077,3.30618308,11.835,11.983,6.889,1.182926,4.517272
CC(=O)OC(C)C[N+](C)(C)C,160.234334,2.37597588,9.728,8.006,6.446,1.016417,4.097067
C[N+]1(CCOC(=O)C(O)(c2ccccc2)c2ccccc2)CCCC1,340.436831,3.71886333,15.302,7.264,10.33,1.221749,4.737026
CCCCCCCC[N+](CC)(CC)CCOC(=O)C(C1CCCC1)C1CCCC1,408.681684,4.47696344,9.834,9.748,16.137,1.707972,7.332483
C[N+]1(C)[C@@H]2CC[C@H]1C[C@@H](OC(=O)C(O)c1ccccc1)C2,290.378006,3.74519813,15.329,6.571,7.448,1.07443,4.184813
CC(CN1c2ccccc2Sc2ccccc21)[N+](C)(C)C,299.454077,3.24585086,11.527,11.825,7.016,1.240239,4.480222
COc1ccc(CC2c3cc(OC)c(OC)cc3CC[N+]2(C)CCC(=O)OCCCCCOC(=O)CC[N+]2(C)CCc3cc(OC)c(OC)cc3C2Cc2ccc(OC)c(OC)c2)cc1OC,929.147002,7.30042763,14.866,11.277,27.557,2.136702,8.94864
CN(C)C(=O)Oc1ccc[n+](C)c1,181.212069,2.83654822,5.019,7.829,11.483,0.613518,2.641394
COc1ccc(C[C@@H]2c3cc(OC)c(OC)cc3CC[N@+]2(C)CCC(=O)OCCCCCOC(=O)CC[N@@+]2(C)CCc3cc(OC)c(OC)cc3[C@H]2Cc2ccc(OC)c(OC)c2)cc1OC,929.147002,8.21622315,29.065,14.48,12.464,2.153287,10.11522
CC(=O)OC(C)C[N+](C)(C)C,160.234334,2.37708573,6.443,9.82,8.005,1.016466,4.097016
COc1ccc(CC2c3cc(OC)c(OC)cc3CC[N+]2(C)CCC(=O)OCCCCCOC(=O)CC[N+]2(C)CCc3cc(OC)c(OC)cc3C2Cc2ccc(OC)c(OC)c2)cc1OC,929.147002,6.9195459,25.684,13.451,15.861,2.398232,11.212018
CCCCCCCCCCCCCC[N+](C)(C)Cc1ccccc1,332.587141,5.79410671,20.061,10.078,6.973,1.098989,4.547119
CC[N+](C)(CC)CCOC(=O)C(O)(c1ccccc1)C1CCCCC1,348.500357,3.97927028,7.119,14.625,11.86,1.250663,4.860281
C[N+]1(CCC(O)(c2ccccc2)C2CCCCC2)CCCC1,302.47493,3.54933537,13.79,11.646,6.696,1.193317,4.311697
C[N+]1(C)[C@@H]2CC[C@H]1C[C@@H](OC(=O)C(O)c1ccccc1)C2,290.378006,3.69419821,7.376,6.908,15.144,1.149043,4.538812
C[n+]1ccc(C(=O)NCc2ccccc2)cc1,227.282225,3.69171639,14.53,7.811,6.871,0.987743,4.63124
N#CC(C#N)=C([S-])[S-],140.185925,2.17898608,7.529,7.021,3.6,0.000003,0.00001
CC[N+](C)(CC)CCOC(=O)C1c2ccccc2Oc2ccccc21,340.436831,3.77764251,11.409,12.632,7.94,1.420645,5.154409
O/N=C/c1cc[n+](CCC[n+]2ccc(/C=N/O)cc2)cc1,286.329595,4.95643228,18.456,8.465,6.906,1.19727,4.493378
C[N+]12CCC(CC1)C(OCC(O)(c1ccccc1)C1CCCC1)C2,330.485071,3.74406528,6.96,13.753,11.71,1.229978,4.625891
C[N+](C)(CCOc1ccccc1)Cc1ccccc1,256.363315,3.74362869,6.919,14.82,8.625,1.186508,4.598036
CCCc1ncc(C[n+]2ccccc2C)c(N)n1,243.32799,3.25310112,12.819,7.236,8.622,1.227617,4.850731
C[n+]1cc2c3c(ccc2c2ccc4cc5c(cc4c21)OCO5)OCO3,332.330211,4.03109718,9.008,15.797,5.784,0.619642,3.281766
CC[N+](CC)(CC)CC,130.251405,2.13132281,7.683,5.595,7.683,0.994275,3.19477
C[N+](C)(C)CCOC(=O)C1CCC[N+]1(C)C,230.347507,3.45043145,7.204,13.374,6.651,1.131205,4.158007
CC[N+](C)(CC)CCCOC(=O)[C@H]1[C@H](c2ccccc2)[C@H](C(=O)OCCC[N+](C)(CC)CC)[C@H]1c1ccccc1,552.788966,5.86360992,13.713,9.533,22.309,1.607754,7.308987
C[N+](C)(C)CCOC(=O)C(O)(c1ccccc1)C1CC2C=CC1C2,330.441977,3.62816688,10.93,7.323,14.421,1.150525,4.955764
CC12CCC(C[N+](C)(CCC[N+](C)(C)C)C1)C2(C)C,268.481784,3.6145207,8.122,14.162,7.639,1.295549,5.242375
CC[N+](CC)(CCOc1ccc(CC(C)(C)CC(C)C)cc1)Cc1ccccc1,396.629489,5.33540921,18.826,9.538,10.801,1.564468,7.358258
Cc1cc(C(C)(C)CC(C)(C)C)ccc1OCCOCC[N+](C)(C)Cc1ccccc1,426.655511,6.11091164,11.354,21.033,8.107,1.205857,5.689415
C[N+]1(C)CCCC1COC(=O)C(O)(c1ccccc1)c1ccccc1,340.436831,3.51271208,7.751,10.138,14.188,1.350415,5.215313
C[N+]1(CC(=O)c2ccccc2)[C@@H]2CC[C@H]1C[C@@H](OC(=O)C(O)c1ccccc1)C2,394.484326,4.23265585,14.974,10.991,7.025,1.276498,4.616639
CC[N+]1(C)CCC(OC(=O)C(c2ccccc2)C2CCCC2)C1,316.458454,3.60591654,6.902,14.688,10.229,1.225541,4.505789
CN(CCCCCCCCCCN(C)C(=O)Oc1cccc([N+](C)(C)C)c1)C(=O)Oc1cccc([N+](C)(C)C)c1,556.7809,5.93613606,7.617,21.922,11.515,1.243663,5.349586
C[N+](C)(C)CCOC(=O)CCC(=O)OCC[N+](C)(C)C,290.399551,4.32010738,16.618,6.714,8.35,1.109311,4.225376
CCCCCCCCCCCC[n+]1ccc2ccccc2c1,298.486261,3.49965986,7.421,10.198,13.649,1.224217,5.083077
C[N+](C)(C)CC[N+]1(C)Cc2c(Cl)c(Cl)c(Cl)c(Cl)c2C1,358.134274,3.53862454,9.769,12.246,10.086,1.336554,6.269352
CC1CCCC(C)(C)C1CCC(C)[N+](C)(C)CCCCCC[N+](C)(C)C(C)CCC1C(C)CCCC1(C)C,534.987515,6.54729778,8.779,11.557,22.529,1.554222,6.328464
CC[N+](CC)(CC)CC,130.251405,2.13143296,7.465,5.598,7.577,0.994188,3.197777
CC(=O)O[C@H]1C[C@@H]2CC[C@@H]3[C@H](CC[C@@]4(C)[C@H]3C[C@H]([N+]3(C)CCCCC3)[C@@H]4OC(C)=O)[C@@]2(C)C[C@@H]1[N+]1(C)CCCCC1,572.863228,4.80703065,9.573,11.659,19.584,1.636973,7.249293
CC[N+](C)(C)Cc1ccccc1Br,243.163319,2.62349973,9.976,7.103,8.815,1.124309,4.190276
C[N+]1(C)[C@@H]2CC[C@H]1C[C@H](CC(C#N)(c1ccccc1)c1ccccc1)C2,345.50135,3.77278406,11.891,8.106,14.338,1.213968,5.404154
C[N+]1(C)CCC(OC(=O)C(O)(c2ccccc2)c2ccccc2)CC1,340.436831,3.57512384,10.058,7.415,14.631,1.253967,4.973196
CC[N+](C)(C)Cc1cccc(OC)c1.Cc1ccc(S(=O)(=O)[O-])cc1,365.487493,4.0745035,10,8.625,17.167,1.462001,6.09155
CC[N+]1(C)CCC(OC(=O)C(c2ccccc2)C2CCCC2)C1,316.458454,3.60240575,10.666,14.209,7.142,1.200298,4.648585
C[N+]1(CC(=O)c2ccccc2)[C@@H]2CC[C@H]1C[C@@H](OC(=O)C(O)c1ccccc1)C2,394.484326,4.75028174,7.433,9.097,18.194,1.376532,4.928629
C[N+](C)(C)CCCOc1ccc(-c2c3nc(cc4ccc([nH]4)c(-c4ccc(OCCC[N+](C)(C)C)cc4)c4nc(cc5ccc2[nH]5)C=C4)C=C3)cc1,694.908446,7.58842754,8.077,29.494,13.331,1.249657,5.668129
Clc1ccc(COC(C[n+]2ccn(CCc3ccccc3)c2)c2ccc(Cl)cc2Cl)c(Cl)c1,521.286332,5.40650297,9.357,11.679,19.889,1.449489,6.866724
C=CCCCCCCCCC(=O)NCCC[N+](C)(C)C,283.473248,5.72906986,21.412,7.692,6.113,0.990547,3.648511
CCCCCCCCCCCC[n+]1ccc2ccccc2c1,298.486261,4.4275952,16.82,10.437,7.513,1.217355,5.167518
CC(C)[N+](C)(CCOC(=O)C1c2ccccc2Oc2ccccc21)C(C)C,368.490066,3.80535707,10.473,8.516,14.583,1.514502,6.041049
C[N+](C)(C)CCCOc1ccc(-c2c3nc(cc4ccc([nH]4)c(-c4ccc(OCCC[N+](C)(C)C)cc4)c4nc(cc5ccc2[nH]5)C=C4)C=C3)cc1,694.908446,7.77799594,11.291,30.148,10.244,1.797951,7.652796
CC[N+](C)(C)CCC(C(N)=O)(c1ccccc1)c1ccccc1,311.44193,3.37997061,13.066,9.33,10.83,1.54742,6.721298
O/N=C/c1cc[n+](CCC[n+]2ccc(/C=N/O)cc2)cc1,286.329595,4.96635175,18.467,8.23,6.903,1.202184,4.484139
CC(C)[N+](C)(C)CC(O)COc1cccc2ccccc12,288.405219,3.81801463,7.526,9.231,14.036,1.160293,5.125159
C[N+](C)(CCCCC(C#N)(c1ccccc1)c1ccccc1)CC[N+]1(C)CCOCC1,421.619073,4.45915501,16.905,8.818,11.064,1.526452,6.327876
COc1cc(-c2ccc(-n3nc(-c4ccccc4)n[n+]3-c3ccc([N+](=O)[O-])cc3)c(OC)c2)ccc1-n1nc(-c2ccccc2)n[n+]1-c1ccc([N+](=O)[O-])cc1,746.73112,6.93818858,8.978,24.72,14.922,1.329497,6.361685
Cc1cc(/C=C/c2ccc3cc(N(C)C)ccc3[n+]2C)c(C)n1-c1ccccc1,382.521584,5.47777909,21.103,9.19,7.991,1.287165,5.58788
COc1cc(N)cn[n+]1-c1ccccc1,202.232898,2.86609413,5.339,8.971,12.48,0.631192,2.890816
CC[N+](C)(C)CCN(C)CC[N+](C)(C)CC,231.421721,3.57577986,7.067,8.639,13.446,1.192524,4.720898
CC(CN1c2ccccc2Sc2ccccc21)[N+](C)(C)C,299.454077,3.29570055,6.941,11.815,11.882,1.200776,4.502346
CC1CCC(C)[N+]1(C)CCOC(=O)C(O)(c1ccccc1)c1ccccc1,368.490066,4.09880949,11.375,14.225,7.818,1.305318,5.376135
CC[N+](C)(CC)CCOC(c1ccccc1)c1ccccc1,298.443167,3.58216638,14.155,11.311,7.863,1.225147,5.647412
C[N+](C)(CC(=O)Nc1ccccc1)CC(=O)Nc1ccccc1,312.386862,4.07094609,14.693,10.616,7.135,1.310146,4.736598
CCCCCCC[N+](CC)(CC)CCCCc1ccc(Cl)cc1,338.978903,5.50675303,19.5,10.709,8.569,1.277185,5.977333
CC[N+](C)(CC)CCSC1=Nc2ccccc2N=C(c2ccc(Sc3ccccc3)cc2)C1,474.704394,5.16700814,13.205,8.657,17.617,1.515107,5.882418
COc1cc(-c2ccc(-[n+]3nc(-c4ccccc4)nn3-c3ccc([N+](=O)[O-])cc3)c(OC)c2)ccc1-[n+]1nc(-c2ccccc2)nn1-c1ccc([N+](=O)[O-])cc1,746.73112,6.8847247,25.236,8.746,14.828,1.312979,6.130891
CC[N+](C)(C)[C@@H]1C=C2C=C[C@H]3[C@@H]4CC[C@@H]5[C@H](C)N(C)C[C@@]54CC[C@@H]3[C@@]2(C)CC1,383.633992,4.25256765,17.074,7.664,8.211,1.359083,5.449639
Cc1c2cc[n+](C)cc2c(C)c2c1[nH]c1ccc(O)cc12,277.34105,3.57352348,9.441,14.755,4.203,0.356377,1.8031
C[S+](C)CCOC(=O)C(c1ccccc1)C1CCCCC1,307.471244,3.67115106,7.361,10.277,13.724,1.198977,4.760221
CCCCCCCCCCCCCCCC[N+](C)(C)C,284.544197,5.44537702,19.006,10.005,6.982,1.243418,4.574531
CCC(C)C(C(=O)OC1CC[N+](C)(C)CC1)c1ccccc1,304.447718,3.66936373,10.679,7.262,13.969,1.323953,4.913773
C[N+](C)(C)CCCCCC[N+](C)(C)C,202.38046,4.15693053,5.954,6.665,15.512,1.055799,4.26352
COc1cc2c(cc1OC)[C@@H](Cc1cc(OC)c(OC)c(OC)c1)[N+](C)(CCCOC(=O)CC/C=C/CCC(=O)OCCC[N+]1(C)CCc3cc(OC)c(OC)cc3[C@H]1Cc1cc(OC)c(OC)c(OC)c1)CC2,1029.263018,11.44052723,13.31,35.468,14.272,2.214845,10.712539
CC[N+]1(C)CCC(OC(=O)C(c2noc3ccccc23)N2CCCCCC2)CC1,400.535236,3.9093617,12.065,7.351,13.924,1.240142,4.967107
CCN1C(=CC=CC=Cc2sc3ccccc3[n+]2CC)Sc2ccccc21,391.572544,5.37011707,7.599,9.111,20.198,1.28096,5.334158
CC[N+](C)(CC)CCOC(=O)C(O)(c1ccccc1)c1ccccc1,342.452713,3.95144522,11.925,14.697,7.662,1.32061,5.37852
CC(C)C(c1ccccc1)C(O)CC[N+]1(C)CCCCC1,290.464194,3.76064097,14.449,10.498,6.899,1.111061,4.474384
C[S+](C)CCOC(=O)C(c1ccccc1)C1CCCCC1,307.471244,3.65203473,6.895,9.881,15.11,1.114982,4.482821
Cc1cc2nc3ccc(N(C)C)cc3[s+]c2cc1N,270.372988,3.69397523,15.255,7.841,5.401,0.490556,2.884135
COc1ccc2[nH]c3ccc4cc[n+](CCN5CCC(C6CCN(CC[n+]7ccc8ccc9[nH]c%10ccc(OC)cc%10c9c8c7)CC6)CC5)cc4c3c2c1,718.929918,8.2827899,8.432,27.957,14.243,1.363552,6.051427
C[N+]12CCC(c3ccccc3)(CC1)C(=O)C2,216.299344,2.82676164,12.498,6.467,7.022,1.002187,4.279183
O=C(C[n+]1ccn(CC(OCc2ccc(Cl)cc2Cl)c2ccc(Cl)cc2Cl)c1)c1ccc(F)cc1,553.260318,4.52611178,13.255,8.81,16.331,1.259987,5.819806
C[N+]1(CCCCC[N+]2(C)CCCC2)CCCC1,240.428549,4.31330897,16.044,7.591,6.41,1.112147,4.011309
CC(C)[N+](C)(C)CC(O)COc1cccc2ccccc12,288.405219,3.99683593,15.583,6.645,9.502,0.954955,4.252405
CC[n+]1c(-c2ccc(-c3ccccc3)cc2)csc1/C=C/c1ccc(N2CCCC2)cc1,437.619817,6.17407118,7.204,23.684,10.184,1.075868,4.795491
CCC(C)C(C(=O)OC1CC[N+](C)(C)CC1)c1ccccc1,304.447718,3.38441113,13.11,7.222,10.664,1.209343,4.788062
C[N+]1(C)CCC(OC(=O)C(O)(c2ccccc2)C2CCCC2)C1,318.431241,3.4163367,13.546,11.654,7.023,1.223662,4.552694
C[N+](C)(C)CC(O)C[N+](C)(C)C,176.300013,2.85327607,6.401,6.229,11.816,1.115648,3.945837
CC[n+]1c(/C=C/c2ccc(N3CCCC3)cc2)cccc1/C=C/c1ccc(N2CCCC2)cc1,450.63879,6.91906412,10.177,26.054,6.942,1.199976,4.585413
CCCCN(CCCC)C(=O)OCC[N+](C)(C)CC,273.4353,3.76581221,11.373,14.051,6.963,1.154673,4.496177
CNCC(=O)OCc1cccnc1N(C)C(=O)OC(C)[n+]1cnn(C[C@](O)(c2cc(F)ccc2F)[C@@H](C)c2nc(-c3ccc(C#N)cc3)cs2)c1,717.765927,5.68970621,11.408,23.918,11.714,1.863145,8.405523
CC(C)Oc1cccc(CC(=O)N2CCC[C@](CC[N+]34CCC(c5ccccc5)(CC3)CC4)(c3ccc(Cl)c(Cl)c3)C2)c1,620.672654,5.25517578,15.004,10.179,17.321,1.650301,7.466281
CCCCCOc1ccc(-c2ccc(-c3ccc(C(=O)N[C@H]4C[C@@H](O)[C@@H](OCC[N+](C)(C)C)NC(=O)[C@@H]5[C@@H](O)[C@@H](C)CN5C(=O)[C@H]([C@@H](C)O)NC(=O)[C@H]([C@H](O)[C@@H](O)c5ccc(O)cc5)NC(=O)[C@@H]5C[C@@H](O)CN5C(=O)[C@H]([C@@H](C)O)NC4=O)cc3)cc2)cc1,1226.394835,7.43463295,14.55,26.927,18.543,2.472424,11.907208
CC[N+](CC)(CCOc1ccc(CC(C)(C)CC(C)C)cc1)Cc1ccccc1,396.629489,5.09417432,17.6,7.903,11.553,1.251334,5.465092
C[N+](C)(CCCCCCOc1c(Br)cc(Br)cc1Br)Cc1ccc(Br)o1,618.014184,6.08026615,10.364,8.169,19.688,1.220245,5.544807
COC(=O)CN1CCOCCOCCOCCOc2cc(C3=C4C(C)=CC(C)=[N+]4[B-](F)(F)n4c(C)cc(C)c43)ccc21,585.448199,5.13920871,13.274,17.704,7.921,1.095236,5.328848
CO[C@H]1C[C@@H]2C[C@H](OC(=O)C(O)(c3ccccc3)c3ccccc3)C[C@H]1[N+]2(C)C,396.500207,3.83595612,8.035,10.073,15.697,1.32578,5.908714
CCCCCCCCCCCCCCCC[N+](C)(C)C[C@H](OC)[C@@H](C[N+](C)(C)CCCCCCCCCCCCCCCC)OC,655.177792,4.73080388,10.767,18.801,12.017,1.698411,8.327931
CC[N+](C)(CC)CCCOC(=O)[C@H]1[C@H](c2ccccc2)[C@H](C(=O)OCCC[N+](C)(CC)CC)[C@H]1c1ccccc1,552.788966,4.71342452,13.221,12.185,17.614,2.041504,10.020936
CCCCCCCCCCCCCCCC[n+]1ccccc1,304.533906,5.42865808,7.934,10.856,18.255,1.285614,5.479864
CC[N+](C)(C)C(C)CC(c1ccccc1)c1ccccc1,282.443762,3.50206269,13.708,7.491,10.805,1.353402,5.282102
C[N+](C)(C)CCOC(=O)C(O)(c1ccccc1)c1ccccc1,314.399478,3.60925772,6.971,11.368,12.824,1.328773,4.58587
OC(c1ccccc1)(c1ccccc1)C12CC[N+](CCOCc3ccccc3)(CC1)CC2,428.58684,4.55817467,10.863,16.035,9.123,1.614019,6.827166
C[N+]1(CC2CC2)[C@@H]2C[C@@H](OC(=O)[C@H](CO)c3ccccc3)C[C@H]1[C@@H]1O[C@@H]12,358.452118,3.98376194,9.775,13.869,10.048,1.591417,7.570512
Cc1cc2nc3ccc(N(C)C)cc3[s+]c2cc1N,270.372988,3.69394868,15.255,7.84,5.401,0.490606,2.884471
C[N+](C)(CCCCCC[N+](C)(C)C1c2ccccc2-c2ccccc21)C1c2ccccc2-c2ccccc21,502.73341,5.60046768,10.868,19.228,10.218,1.727657,7.960713
Cc1c(-c2ccccc2)n(/N=N/n2c(-c3ccccc3)c(C)[n+]3ccccc23)c2cccc[n+]12,444.531402,4.11273398,14.383,7.625,13.743,1.256021,5.115904
C[N+]1(CCC(O)(c2ccccc2)C2CCCCC2)CCCC1,302.47493,3.54400228,13.821,11.547,6.754,1.197513,4.370049
O=C([O-])C(O)C(O)C(=O)[O-],148.071136,2.10585727,7.638,5.766,6.585,0.938982,2.893005
CC[N+](C)(CC)CCOC(c1ccccc1)c1ccccc1,298.443167,3.90945593,7.577,14.362,10.523,1.286608,5.249854
COc1ccc2[nH]c3ccc4cc[n+](CCN5CCC(C6CCN(CC[n+]7ccc8ccc9[nH]c%10ccc(OC)cc%10c9c8c7)CC6)CC5)cc4c3c2c1.CS(=O)(=O)O.CS(=O)(=O)O,911.14092,8.19717246,26.2,16.441,12.849,2.619467,10.016396
Cc1cc2c3ccccc3[n+]1CCCCCCCCCC[n+]1c(C)cc(c3ccccc31)NCCCCCCCCCCN2,594.916812,5.75152282,19.215,12.787,8.666,1.232915,6.169207
CN(C)C(=O)Oc1ccc[n+](Cc2ccccc2)c1,257.308248,3.62644356,9.854,14.289,6.761,1.039345,4.202854
CC[N+](C)(C)CCC(C(N)=O)(c1ccccc1)c1ccccc1,311.44193,3.44680399,13.494,8.827,11.43,1.387729,6.627655
C=CC[N+]1([C@H]2C[C@H]3[C@@H]4CC[C@H]5C[C@H](OC(C)=O)[C@@H](N6CCCCC6)C[C@]5(C)[C@H]4CC[C@]3(C)[C@H]2OC(=O)CC)CCCCC1,597.89264,5.0224244,12.287,18.391,10.464,1.719909,8.295217
CCCCCCCCCCCCNC(=O)C[N+](C)(C)Cc1ccccc1,361.585308,6.39949356,24.671,6.962,8.663,1.126992,4.670228
COC1=C(OC)C(=O)C(CCCCCCCCCC[P+](c2ccccc2)(c2ccccc2)c2ccccc2)=C(C)C1=O,583.718003,6.66487091,10.267,22.719,11.799,1.95163,8.130108
C[N+]12CCCCC1CCC(=C(c1cccs1)c1cccs1)C2,330.530838,3.45733033,6.816,13.292,10.242,1.105993,3.939474
C[n+]1ccccc1/C=N/O,137.159429,2.35557681,8.149,10.379,4.213,0.29416,1.812976
c1ccc2c[n+](CCCCCCCCCCCCCCCC[n+]3ccc4ccccc4c3)ccc2c1,482.743702,10.3141319,34.43,7.05,7.34,1.077848,4.703258
CC[N+](C)(CC)CCOC(=O)C(O)(c1ccccc1)c1cccs1,348.480147,3.84383959,11.069,14.751,7.697,1.384589,5.658329
CC[N+]1(C)CCc2ccccc2C1,176.278468,2.61653729,6.156,7.752,11.648,0.897057,3.71294
CCCCCCCCCCCCCCCC[N+](C)(C)C,284.544197,6.18805172,9.156,22.263,6.338,0.99052,3.935775
CCCCCCC[N+](CC)(CC)CCCCc1ccc(Cl)cc1,338.978903,5.66597544,8.986,7.961,21.911,1.189351,4.752202
CCCCCCCCCCCC[N+](C)(C)CCOc1ccccc1,334.559928,6.01275469,22.996,9.708,6.559,1.006848,4.199111
CCC[N+]12[C@H](O)[C@@H](CC)[C@@H]3C[C@H]1[C@@H]1N(C)c4ccccc4[C@]14C[C@H]2[C@@H]3[C@H]4O,369.521187,3.50991418,11.259,8.474,13.872,1.528745,5.859423
CC[N+](C)(C)CCOC(=O)C(O)(c1ccccc1)c1ccccc1,328.426096,3.86968968,15.287,11.606,7.65,1.251184,5.418938
C[N+](C)(C)CCOC(=O)NCCCCCCNC(=O)OCC[N+](C)(C)C,376.535309,5.82620413,21.078,9.801,6.99,1.169787,4.510617
C=CC[N+]1([C@H]2C[C@H]3[C@@H]4CC[C@H]5C[C@H](OC(C)=O)[C@@H](N6CCCCC6)C[C@]5(C)[C@H]4CC[C@]3(C)[C@H]2OC(=O)CC)CCCCC1,597.89264,4.86975009,12.645,17.692,9.668,1.658532,6.890208
C[N+]1(C)CCC(OC(=O)C(O)(c2ccccc2)c2cccs2)C1,332.437648,3.33922027,10.058,13.783,7.845,1.422732,5.231637
CCCCCCCCCCCC[N+](C)(C)Cc1ccccc1,304.533906,4.6994602,10.756,7.392,17.285,1.238595,5.009679
CC[n+]1c(-c2ccc(-c3ccccc3)cc2)csc1/C=C/c1ccc(N2CCCC2)cc1,437.619817,6.2228434,10.087,24.136,6.779,1.092418,4.341861
COc1cc2c3cc1Oc1cc(ccc1O)C[C@@H]1c4c(cc(OC)c(O)c4Oc4ccc(cc4)C[C@@H]3N(C)CC2)CC[N+]1(C)C,609.732635,4.33088008,16.889,10.316,13.398,16.889,13.398
CC[N+](C)(CC)CCOC(=O)C1c2ccccc2Oc2ccccc21,340.436831,3.39247652,8.222,10.921,11.59,1.446685,5.903689
C[N+](C)(CCCCCC[N+](C)(C)C1c2ccccc2-c2ccccc21)C1c2ccccc2-c2ccccc21,502.73341,5.77281153,10.676,18.234,11.42,1.874622,8.352596
COc1ccc2[nH]c3ccc4cc[n+](CCN5CCC(C6CCN(CC[n+]7ccc8ccc9[nH]c%10ccc(OC)cc%10c9c8c7)CC6)CC5)cc4c3c2c1,718.929918,8.09806356,7.941,13.652,28.254,1.178393,5.459768
C=C1C[N+]2(CCCCC2)Cc2c1oc1c(OC)c3occc3c(OC)c1c2=O,382.430496,3.9757175,7.359,15.793,11.342,1.041301,4.950977
C[N+]1(CCOC(=O)C(O)(c2ccccc2)c2ccccc2)CCCC1,340.436831,4.02299717,7.059,11.153,14.729,1.278946,4.651587
C[N+](C)(C)CCCCC[N+](C)(C)C,188.353842,3.73812841,14.312,5.763,6.657,1.076192,4.25731
Cc1cc(C(C)(C)CC(C)(C)C)ccc1OCCOCC[N+](C)(C)Cc1ccccc1,426.655511,5.76381234,10.931,19.551,8.807,1.481729,6.43137
CN(C)c1ccc(/C=C/c2scc(-c3ccc(-c4ccccc4)cc3)[n+]2C)cc1,397.555846,6.04073646,6.093,23.845,8.78,0.786557,3.183963
C[n+]1ccccc1C=NO,137.159429,2.35562378,8.149,10.379,4.212,0.294059,1.812356
CCCCCCCCCCCCCCCC[N+](C)(CCCN1C(C)CCC1C)CCCN1C(C)CCC1C,534.9676,5.07109437,12.255,9.564,17.218,1.641415,7.198356
CC[N+](C)(C)CCN(C)CC[N+](C)(C)CC,231.421721,3.65224443,6.447,8.362,14.427,1.14109,4.088137
C[N+]1(C)[C@@H]2CC[C@H]1C[C@@H](OC(=O)C(CO)c1ccccc1)C2,304.404624,3.45715733,12.295,10.273,7.364,1.28857,4.955512
Cc1cc(Nc2ccc3c(c2)c(-c2ccc(N)cc2)[n+](C)c2cc(N)ccc32)nc(N)[n+]1C,437.540456,4.909531,17.665,14.499,7.228,1.031163,4.662145
CCCCCCCCCCCCCCCC[N+](C)(CCCN1C(C)CCC1C)CCCN1C(C)CCC1C,534.9676,5.4699913,12.617,15.042,19.418,2.458841,10.252903
CC[N+]1(C)[C@@H]2CC(OC(=O)[C@H](CO)c3ccccc3)C[C@H]1[C@@H]1O[C@@H]12,332.414765,3.93634992,6.749,16.164,9.281,1.217926,4.411918
Cc1cc(/C=C/c2ccc3cc(N(C)C)ccc3[n+]2C)c(C)n1-c1ccccc1,382.521584,5.42330344,20.973,8.895,7.142,1.137248,4.782413
Cc1cc(N)c2ccccc2[n+]1CCCCCCCCCC[n+]1c(C)cc(N)c2ccccc21,456.66652,3.72724601,10.465,10.451,13.032,1.804104,8.175204
CC[N+](CC)(CCCNC1=CC(=O)C(NCCC[N+](CC)(CC)Cc2ccccc2)=CC1=O)Cc1ccccc1,546.787681,6.16575296,13.12,8.79,20.866,1.333763,6.373314
CCC[N+]12[C@H](O)[C@@H](CC)[C@@H]3C[C@H]1[C@@H]1N(C)c4ccccc4[C@]14C[C@H]2[C@@H]3[C@H]4O,369.521187,3.51074836,11.236,8.509,13.843,1.525953,5.936339
CC(C)(C)CC(C)(C)c1ccc(OCCOCC[N+](C)(C)Cc2ccccc2)cc1,412.628894,6.05677464,6.688,21.888,9.174,1.190172,4.291888
CC1CCC(C(C)C)C(OC(=O)C[N+](C)(C)CCCCCCCCCC[N+](C)(C)CC(=O)OC2CC(C)CCC2C(C)C)C1,623.006606,8.85473706,10.973,10.678,29.317,1.728408,8.219464
C[N+]1(C)CCCCC1COC(=O)C(O)(c1ccccc1)c1ccccc1,354.463449,3.79708168,7.257,10.91,14.336,1.349694,4.992756
CCC[N+]1(C)[C@@H]2CC[C@H]1CC(OC1c3ccccc3CSc3ccccc31)C2,394.593397,3.87112063,14.365,12.008,7.503,1.248531,4.814442
CCCCCCCCCCCCCCCC[N+](C)(C)C[C@H](OC)[C@H](C[N+](C)(C)CCCCCCCCCCCCCCCC)OC,655.177792,8.50255645,14.124,10.39,31.499,1.861463,8.002589
CCOC(=O)C(C(=O)OC1CC2CCC(C1)[N+]2(C)C)c1ccccc1,346.441382,3.80130531,10.189,15.781,7.352,1.209237,4.9625
CNCC(=O)OCc1cccnc1N(C)C(=O)OC(C)[n+]1cnn(C[C@](O)(c2cc(F)ccc2F)[C@@H](C)c2nc(-c3ccc(C#N)cc3)cs2)c1,717.765927,6.20656503,21.386,18.179,8.811,1.289071,6.159398
CCCCCCCCCCC(=O)OC[N+]1=CN(C)CC1,283.430154,4.38813567,6.276,15.366,10.522,0.99626,3.833985
Cc1cc(/C=C/c2ccc3cc(N(C)C)ccc3[n+]2C)c(C)n1-c1ccccc1.Cc1cc(/C=C/c2ccc3cc(N(C)C)ccc3[n+]2C)c(C)n1-c1ccccc1,765.043168,5.39180009,20.914,14.565,10.819,2.041781,8.389569
Cc1c2cc[n+](C)cc2c(C)c2c1[nH]c1ccc(O)cc12,277.34105,3.57352148,9.441,14.755,4.203,0.35637,1.80297
C[N+]1(C)[C@@H]2CC[C@H]1C[C@H](CC(C#N)(c1ccccc1)c1ccccc1)C2,345.50135,3.77489824,14.178,8.134,11.638,1.279278,5.418415
CO[C@H]1C[C@@H]2C[C@H](OC(=O)C(O)(c3ccccc3)c3ccccc3)C[C@H]1[N+]2(C)C,396.500207,3.7530607,8.5,14.195,10.957,1.657406,6.210055
Cc1cc(-c2ccccc2)n[n+](CCCC(=O)O)c1N,272.322892,3.68264774,9.61,15.248,5.958,0.768892,3.639789
C[N+]1(Cc2ccc(-c3ccccc3)cc2)[C@@H]2CC[C@H]1C[C@@H](OC(=O)C(CO)c1ccccc1)C2,456.596981,5.53142003,8.871,21.143,10.027,1.43197,6.528289
C[N+]12CCC(CC1)C(OCC(O)(c1ccccc1)C1CCCC1)C2,330.485071,3.72531976,11.788,6.944,13.51,1.214515,4.543244
CCC[N+]1(C)[C@@H]2CC[C@H]1CC(OC1c3ccccc3CSc3ccccc31)C2,394.593397,3.84859325,11.252,7.84,14.588,1.326619,5.199113