Cat_SMILES,AB,RF,XGB,CBR,ET,Anion
C[N+]1(CCCF)C2CCC1CC(OC(=O)C(O)(c1ccccc1)c1ccccc1)C2,25.62236154,29.330743,35.655624,33.66090921,28.6688586,[VBH]2-
Cc1cc2c3ccccc3[n+]1CCCCCCCCCC[n+]1c(C)cc(c3ccccc31)NCCCCCCCCCCN2,25.61256857,26.074295,14.029864,16.21246399,20.9706229,[VBH]2-
C[N+]1(C)[C@@H]2C[C@@H](OC3c4ccccc4CSc4ccccc43)C[C@H]1[C@@H]1O[C@@H]12,22.79886604,25.378957,24.88985,27.66844242,24.9518481,[VBH]2-
C[N+](C)(C)CCOC(=O)C1CCC[N+]1(C)C,23.53109219,26.429164,30.384933,23.08744789,21.81572675,[VBH]2-
COc1ccc2cc1Oc1cc3c(cc1OC)CC[N+](C)(C)[C@H]3Cc1ccc(cc1)Oc1c(OC)c(OC)cc3c1[C@@H](C2)[N+](C)(C)CC3,21.24135185,25.974728,11.039278,13.4593448,20.6248898,[VBH]2-
C[N+]1(C)CCCC1COC(=O)C(O)(c1ccccc1)C1CCCCC1,22.806,30.986748,28.612474,31.32071541,35.3672211,[VBH]2-
CCOCC(O)COc1ccc(NC(=O)CC[S+](C)C)cc1,24.21914894,32.952812,48.94269,25.7463893,38.7973019,[VBH]2-
COc1ccc2[nH]c3ccc4cc[n+](CCN5CCC(C6CCN(CC[n+]7ccc8ccc9[nH]c%10ccc(OC)cc%10c9c8c7)CC6)CC5)cc4c3c2c1,30.45653333,60.282853,30.365673,43.24756109,45.3990589,[VBH]2-
C[N+](C)(C)CC1COCO1,15.45896,13.393497,17.889452,14.95278905,13.4755403,[VBH]2-
CC[N+](C)(C)CCOC(=O)CCC(=O)OCC[N+](C)(C)CC,22.87883478,26.170478,38.440086,33.45082752,31.2052383,[VBH]2-
CC[N+]1(C)CCCC(OC(=O)C(O)(c2ccccc2)c2ccccc2)C1,21.53089167,25.271416,24.976976,27.62913823,24.5073074,[VBH]2-
CCCCCCCCCCCC[N+](C)(C)Cc1ccccc1,21.92977222,20.880448,26.10819,20.76843964,23.2017691,[VBH]2-
COc1ccc(CC2c3cc(OC)c(OC)cc3CC[N+]2(C)CCCCCCCCCC[N+]2(C)CCc3cc(OC)c(OC)cc3C2Cc2ccc(OC)c(OC)c2)cc1OC,21.73053833,26.324994,9.881426,17.00463108,29.8376031,[VBH]2-
O=[N+]([O-])c1ccc(-c2csc3[n+]2CCN3)o1,22.10660652,25.947062,18.908657,25.11318552,26.02566985,[VBH]2-
CCCCCCCCCCCCCC[N+](C)(C)Cc1ccccc1,21.24135185,25.974728,11.039278,13.4593448,20.6248898,[VBH]2-
CC[N+]1(CC)CCC(=C(c2ccccc2)c2ccccc2)C1C,22.03234853,24.582009,32.683178,31.85063535,29.2820564,[VBH]2-
COCCOCCOCCOCCOC(=O)OC[n+]1ccc(N/C(=N/CCCCCCOc2ccc(Cl)cc2)NC#N)cc1,21.09157561,23.067965,13.316371,13.09895665,16.7417134,[VBH]2-
C[S+](C)CCOC(=O)C(O)(c1ccccc1)C1CCCCC1,23.052972,31.329618,46.472485,29.59380994,25.3948774,[VBH]2-
CN(C)C(=O)Oc1ccc[n+](C)c1,20.03453125,20.770805,16.15187,19.66908734,20.1485881,[VBH]2-
CN(C)C(=O)Oc1cccc([N+](C)(C)C)c1,23.64915455,27.0667315,24.045288,26.00005396,23.6301635,[VBH]2-
CC[N+](C)(CC)CCOC(=O)C(O)(c1ccccc1)C1CCCCC1,25.73482162,26.866778,37.920082,30.64538922,25.2062902,[VBH]2-
CCCCCCCCCC[N+](C)(C)CCOC(=O)C12CC3CC(CC(C3)C1)C2,25.4864925,28.613258,25.751713,29.5051159,25.2890034,[VBH]2-
C[N+](C)(C)C1CCC(CC2CCC([N+](C)(C)C)CC2)CC1,23.85097115,28.355736,31.850208,28.72002128,29.1992821,[VBH]2-
COc1ccc(CC2c3cc(OC)c(OC)cc3CC[N+]2(C)CCCCCCCCCC[N+]2(C)CCc3cc(OC)c(OC)cc3C2Cc2ccc(OC)c(OC)c2)cc1OC,21.85662647,26.854154,10.551885,17.11208014,30.7755691,[VBH]2-
CC[N+](CC)(CC(=O)Nc1c(C)cccc1C)Cc1ccccc1,23.81347273,30.436331,41.33956,33.40394314,32.1877139,[VBH]2-
COc1ccc(C[C@@H]2c3cc(OC)c(OC)cc3CC[N@+]2(C)CCC(=O)OCCCCCOC(=O)CC[N@@+]2(C)CCc3cc(OC)c(OC)cc3[C@H]2Cc2ccc(OC)c(OC)c2)cc1OC,30.45653333,60.159686,28.244225,42.48977534,42.1088678,[VBH]2-
COC1=C(OC)C(=O)C(CCCCCCCCCC[P+](c2ccccc2)(c2ccccc2)c2ccccc2)=C(C)C1=O,22.61157895,23.551825,9.895862,15.46597624,22.1789457,[VBH]2-
CCCCCCCCCCCCCCCC[N+](C)(C)CC,30.08404118,43.055436,41.791286,35.81641218,37.4514291,[VBH]2-
C[N+](C)(C)CCCCCC[N+](C)(C)C,24.46893091,26.396304,20.871504,24.02969118,24.80573665,[VBH]2-
O=C(CCBr)N1CC[N+]2(CC1)CC[N+]1(CCN(C(=O)CCBr)CC1)CC2,34.02768571,63.060444,35.198975,48.3965639,52.0223786,[VBH]2-
CC[N+](CC)(CC)CCOC(=O)C(C1CCCC1)C1CCCC1,22.6331,26.383893,32.6492,28.07789157,24.1072208,[VBH]2-
Cc1cc(N)c2ccccc2[n+]1CCCCCCCCCC[n+]1c(C)cc(N)c2ccccc21,30.45653333,60.282853,30.371494,43.06170512,46.561653,[VBH]2-
C[N+](C)(CC(=O)Nc1ccccc1)CC(=O)Nc1ccccc1,32.94262075,49.588932,48.071342,37.92064602,47.3077108,[VBH]2-
C[N+]1(C)[C@@H]2CC[C@H]1C[C@@H](OC(=O)C1c3ccccc3Oc3ccccc31)C2,21.58436,25.013033,27.107498,27.98891793,23.2427066,[VBH]2-
Cc1cc(/C=C/c2ccc3cc(N(C)C)ccc3[n+]2C)c(C)n1-c1ccccc1,26.46979773,32.245739,23.688345,20.25120564,25.7750929,[VBH]2-
C[N+]12CCC(CC1)C(CN1c3ccccc3Sc3ccccc31)C2,30.45653333,60.159686,28.244225,42.48977534,42.1088678,[VBH]2-
c1ccc2c[n+](CCCCCCCCCCCCCCCC[n+]3ccc4ccccc4c3)ccc2c1,26.72521176,29.593577,19.46465,19.15371207,22.4407441,[VBH]2-
CC(=O)O[C@H]1C[C@@H]2CC[C@@H]3[C@H](CC[C@@]4(C)[C@H]3C[C@H]([N+]3(C)CCCCC3)[C@@H]4OC(C)=O)[C@@]2(C)C[C@@H]1N1CCCCC1,21.24392727,26.161329,11.08037,13.48731012,23.2692931,[VBH]2-
CN(CCCCCCN(C)C(=O)Oc1ccc[n+](C)c1)C(=O)Oc1ccc[n+](C)c1,23.08191389,27.096929,24.881498,18.15626136,27.0493224,[VBH]2-
CC[N+](C)(CC)CCOCCOC(=O)C(c1ccccc1)[N+]1(C)CCCCC1,22.72339804,26.03316,31.123737,30.919546,26.6400722,[VBH]2-
C[N+]1(C)[C@@H]2C[C@@H](OC(=O)[C@H](CO)c3ccccc3)C[C@H]1[C@@H]1O[C@@H]12,22.61695682,29.575012,36.122253,31.22660928,28.9652985,[VBH]2-
CC[N+](C)(CC)CCOC(=O)C1CCCC(C)[N+]1(C)C,30.45653333,36.722655,28.902075,32.09132319,30.9718126,[VBH]2-
CCCCCCCCCCCC(c1ccc(C)cc1)[N+](C)(C)C,21.33364595,25.069577,18.30126,16.56635558,23.4171726,[VBH]2-
CCOC(=O)c1c[n+](C)c2n(c1=O)C(C)CCC2,23.99592667,27.4768455,23.51242,27.84307693,29.7077476,[VBH]2-
C[N+](C)(C)CCCCCOCCCCC[N+](C)(C)C,25.385605,24.111281,29.092754,32.20871314,29.6472325,[VBH]2-
CCCCCCCCCCCC(c1ccc(C)cc1)[N+](C)(C)C,41.36791,62.661302,45.75409,45.46385442,48.1889495,[VBH]2-
CCOC(=O)c1c[n+](C)c2n(c1=O)C(C)CCC2,23.99592667,27.4768455,23.490742,27.84307693,29.9120137,[VBH]2-
C[N+](C)(C)CCCCCOCCCCC[N+](C)(C)C,24.22996087,23.498766,8.054571,19.61808757,22.6171358,[VBH]2-
Cc1ccc(C(C)C)c(OCC[N+](C)(C)CCCCCCCCCC[N+](C)(C)CCOc2cc(C)ccc2C(C)C)c1,21.73053833,26.149575,10.590216,17.02197461,27.2826819,[VBH]2-
C[N+]1(C)CCN(CC(O)(c2ccccc2)C2CCCCC2)CC1,22.5947186,27.190136,35.45201,32.70936805,30.6649269,[VBH]2-
Cc1ccc(C(C)C)c(OCC[N+](C)(C)CCCCCCCCCC[N+](C)(C)CCOc2cc(C)ccc2C(C)C)c1,22.61157895,23.551825,9.895186,15.39505395,21.5439981,[VBH]2-
CC[N+](C)(CC)CCSC1=Nc2ccccc2N=C(c2ccc(Sc3ccccc3)cc2)C1,21.24392727,24.700122,9.578915,13.44629598,20.72083,[VBH]2-
C[N+]12CCC(CC1)C(OC(=O)C(O)(c1ccccc1)c1ccccc1)C2,23.53156863,28.042308,30.346874,35.97364298,32.1451127,[VBH]2-
C[N+](C)(C)CCCCCOCCCCC[N+](C)(C)C,21.63405556,26.04361,26.192577,23.84359676,28.4536964,[VBH]2-
C[N+]1(CC2COC(c3ccccc3)(C3CCCCC3)O2)CCCCC1,22.3615359,25.79241,32.606472,28.06269475,23.2807674,[VBH]2-
CC(C)[N+](C)(CCC(C(N)=O)(c1ccccc1)c1ccccc1)C(C)C,22.2861525,27.07314,29.879236,30.56053425,30.1952671,[VBH]2-
CC[n+]1c(-c2ccccc2)c2cc(N)ccc2c2ccc(N)cc21,21.33868421,25.783867,35.785786,33.8480004,23.7856999,[VBH]2-
CCCCCCCCCCCC[N+](C)(C)CCOc1ccccc1,63.1227,67.563003,56.777813,58.71079478,58.2276682,[VBH]2-
CCCCCCCCCCCCCCCC[N+](C)(C)Cc1ccccc1,30.9801,45.29407,34.805614,30.73347913,33.244163,[VBH]2-
C[N+](C)(CCOc1ccccc1)Cc1ccccc1,28.17877174,24.647883,22.661863,21.10854912,24.6155101,[VBH]2-
C[N+]1(CCCCC[N+]2(C)CCCC2)CCCC1,26.5216125,28.865386,33.60319,20.84994098,31.3410989,[VBH]2-
CC[n+]1c(/C=C/c2ccc(N3CCCC3)cc2)cccc1/C=C/c1ccc(N2CCCC2)cc1,31.50366667,61.436892,30.35786,48.20758605,51.2316318,[VBH]2-
CCCCCCCCCCCC[N+](C)(C)CC(=O)OCC,25.88441429,27.943587,28.412273,29.32547693,31.5128607,[VBH]2-
CCCCCCCCCCCCCCCC[N+](C)(C)C1CCCCC1O,23.0879449,27.772215,29.540195,24.86703153,32.9731655,[VBH]2-
CCCCCCCCCCCCCC[N+](C)(C)Cc1ccccc1,21.46440769,26.75192,19.92837,14.07443803,19.2006655,[VBH]2-
CCCCCCCCCCCCNC(=O)C[N+](C)(C)Cc1ccccc1,59.51862,65.655032,39.505863,52.90785578,52.990746,[VBH]2-
C[N+]1(C)CCCC1COC(=O)C(O)(c1ccccc1)C1CCCCC1,25.197446,30.295419,30.18721,32.22940771,34.9080989,[VBH]2-
CCCOC(=O)C[N+](C)(C)CCOCCCCCCCCCCOCC[N+](C)(C)CC(=O)OCCC,30.45653333,60.337616,31.019707,43.54515071,47.1989905,[VBH]2-
COc1cc2c3cc1Oc1cc(ccc1O)C[C@@H]1c4c(cc(OC)c(O)c4Oc4ccc(cc4)C[C@@H]3N(C)CC2)CC[N+]1(C)C,22.73032857,24.724519,8.757311,17.28825802,25.9561114,[VBH]2-
OC(CCl)CN1CC[N+]2(CC1)CC[N+]1(CCN(CC(O)CCl)CC1)CC2,27.612135,29.380589,12.541887,18.77453733,23.0625721,[VBH]2-
C[N+](C)(CCOc1ccccc1)Cc1cccs1,25.43242593,29.325478,15.537121,24.9149923,24.858979,[VBH]2-
C[N+]1(C)[C@@H]2C[C@@H](OC(=O)C(O)(c3cccs3)c3cccs3)C[C@H]1[C@@H]1O[C@@H]12,22.22096364,25.767146,30.600946,27.77273371,22.5116579,[VBH]2-
CC[N+](C)(CC)CCOCCOC(=O)C(c1ccccc1)[N+]1(C)CCCCC1,32.5508,63.395256,29.488842,47.03295924,47.5660348,[VBH]2-
CC[N+](CC)(CC)CCC(O)(c1ccccc1)C1CCCCC1,21.53294815,24.751781,35.046356,30.72049629,24.3851629,[VBH]2-
CC[N+](CC)(CC)CCOc1ccc(/C=C/c2ccccc2)cc1,24.45107692,31.205741,37.056847,19.88397167,26.8258252,[VBH]2-
C[N+]12CCC(CC1)C(OC(=O)C(O)(c1ccccc1)C1CCCCC1)C2,21.95609688,24.829756,26.434816,27.91746966,22.1804479,[VBH]2-
CCCCCCCCCC[N+](C)(C)CCCCCCCCCC,30.45653333,60.461822,39.651978,42.44039607,47.5242126,[VBH]2-
Cc1cc(C)c2cccc(OCc3c(Cl)ccc(S(=O)(=O)NC4(C(=O)N5CCN(C(=O)[C@@H](N)CCC[N+](C)(C)C)CC5)CCOCC4)c3Cl)c2n1,21.21815873,23.90411,11.910485,13.20290952,19.803691,[VBH]2-
CCC(C)C(C(=O)OCC[N+](C)(CC)CC)c1ccccc1,22.57293103,23.882906,26.90782,31.48396198,23.5694785,[VBH]2-
CC[N+]1(CC)CCC(OC(=O)C(O)(c2ccccc2)c2ccccc2)C1,30.9801,47.774501,37.28812,42.51885817,41.0721109,[VBH]2-
O=C(O[C@H]1C[C@H]2CC[C@@H](C1)[N+]21CCCC1)C(O)(c1ccccc1)c1ccccc1,25.80767083,28.492065,30.193674,30.16631065,30.1989895,[VBH]2-
C[N+](C)(C)Cc1ccco1,15.37224762,13.285474,17.483461,14.53753412,14.0320975,[VBH]2-
Cc1sc[n+](CC(=O)c2ccccc2)c1C,23.0767,27.463385,23.98085,25.43698575,24.6671836,[VBH]2-
CNCC(=O)OCc1cccnc1N(C)C(=O)OC(C)[n+]1cnn(C[C@](O)(c2cc(F)ccc2F)[C@@H](C)c2nc(-c3ccc(C#N)cc3)cs2)c1,31.50366667,64.748207,37.843143,50.09124863,49.3080978,[VBH]2-
CC(C)Oc1cccc(CC(=O)N2CCC[C@](CC[N+]34CCC(c5ccccc5)(CC3)CC4)(c3ccc(Cl)c(Cl)c3)C2)c1,30.45653333,60.336995,30.585762,42.77629791,42.0618726,[VBH]2-
C[N+](C)(C)CCOC(Cc1ccccc1)c1ccccc1,22.67846604,19.286926,24.771452,20.51107023,18.7628195,[VBH]2-
C[N+]1(C)[C@@H]2C[C@@H](OC(=O)C(O)(c3cccs3)c3cccs3)C[C@H]1[C@@H]1O[C@@H]12,23.62104754,28.245911,29.094822,36.11943342,26.4199248,[VBH]2-
CCCCCCCCCCCCCCCC[N+](C)(C)C1CCCCC1O,25.19566667,25.879287,14.844504,14.25045727,20.4263063,[VBH]2-
CCC(C)C(C(=O)OCC[N+](C)(CC)CC)c1ccccc1,24.5567,28.224448,33.20478,34.26654309,32.3527615,[VBH]2-
CN(CCCCCCN(C)C(=O)Oc1ccc[n+](C)c1)C(=O)Oc1ccc[n+](C)c1,21.39034138,24.777028,12.454022,13.31217094,24.7663229,[VBH]2-
CC[N+](C)(CC)CCOC(=O)C(O)(c1cccs1)C1CCCC1,30.9801,44.724312,42.088184,43.05119424,35.0429953,[VBH]2-
CC[N+](C)(C)c1cccc(O)c1,15.77635278,14.236075,12.272091,16.15493478,13.6779163,[VBH]2-
CCN(CC)CC[n+]1ccc2c(C)c3[nH]c4ccc(O)cc4c3c(C)c2c1,26.05982432,30.06521,40.53297,19.84764211,29.7254158,[VBH]2-
CC[n+]1c(-c2ccccc2)c2cc(N/N=N/c3cccc(C(=N)N)c3)ccc2c2ccc(N)cc21,24.34960714,30.190733,17.711117,20.00815626,30.7017403,[VBH]2-
CN(CC[N+]1(C)CCCC1)C(=O)C(O)(c1ccccc1)c1cccs1,21.19505909,28.117253,27.108936,26.48635286,30.5899364,[VBH]2-
COCCOCCOCCOCCOC(=O)OC[n+]1ccc(N/C(=N/C#N)NCCCCCCOc2ccc(Cl)cc2)cc1,25.96893636,27.81238,21.864325,18.24923916,21.4887968,[VBH]2-
CCCCCCCCCCCC(=O)OCCNC(=O)C[n+]1ccccc1,26.33575217,26.275703,26.554016,17.58300847,22.6550674,[VBH]2-
CCCCCCCCCCCC(c1ccc(C)cc1)[N+](C)(C)C,22.30757083,27.212949,37.269863,33.31655329,30.7519464,[VBH]2-
CC(C)Oc1cccc(CC(=O)N2CCC[C@](CC[N+]34CCC(c5ccccc5)(CC3)CC4)(c3ccc(Cl)c(Cl)c3)C2)c1,30.45653333,60.314867,28.001389,42.09782581,41.9637421,[VBH]2-
C[N+](C)([11CH3])CCO,15.00520526,13.106526,11.734012,13.21574689,12.8507403,[VBH]2-
CC1(C)[C@@H](O)CC[C@]2(C)[C@H]3C(=O)C=C4[C@@H]5C[C@@](C)(C(=O)OCC6CCC[N+]6(C)C)CC[C@]5(C)CC[C@@]4(C)[C@]3(C)CC[C@@H]12,30.45653333,60.282853,30.816418,43.29709929,47.3337757,[VBH]2-
C=CC[N+]1([C@H]2C[C@H]3[C@@H]4CC[C@H]5C[C@H](O)[C@@H](N6CCOCC6)C[C@]5(C)[C@H]4CC[C@]3(C)[C@H]2OC(C)=O)CCCC1,30.45653333,60.617665,29.848541,43.04011768,45.3340403,[VBH]2-
C[N+]1(CC(=O)c2ccc(-c3ccccc3)cc2)[C@@H]2CC[C@H]1C[C@@H](OC(=O)[C@H](CO)c1ccccc1)C2,25.55831136,26.599289,14.738874,16.0493973,20.7404115,[VBH]2-
Cc1cc(C)c2cccc(OCc3c(Cl)ccc(S(=O)(=O)NC4(C(=O)N5CCN(C(=O)[C@@H](N)CCC[N+](C)(C)C)CC5)CCOCC4)c3Cl)c2n1,30.45653333,60.425236,30.779179,42.87887787,43.6782864,[VBH]2-
COc1cc2c(cc1OC)[C@H](c1cc(OC)c(OC)c(OC)c1)[N@@+](C)(CCCOC(=O)/C=C(\Cl)C(=O)OCCC[N@+]1(C)CCc3cc(OC)c(OC)cc3[C@H]1Cc1cc(OC)c(OC)c(OC)c1)CC2,29.4094,45.503685,37.37471,31.16441387,40.1338411,[VBH]2-
CC(=O)O[C@H]1C[C@@H]2CC[C@@H]3[C@H](CC[C@@]4(C)[C@H]3C[C@H](N3CC[N+](C)(C)CC3)[C@@H]4OC(C)=O)[C@@]2(C)C[C@@H]1N1CC[N+](C)(C)CC1,22.72339804,24.066273,8.542868,14.81790026,24.4783249,[VBH]2-
COc1cc(CC2c3c(cc(OC)c(OC)c3OC)CC[N+]2(C)CCCOC(=O)CCC(=O)OCCC[N+]2(C)CCc3cc(OC)c(OC)c(OC)c3C2Cc2cc(OC)c(OC)c(OC)c2)cc(OC)c1OC,22.829246,25.024749,8.170955,22.80466626,32.9517814,[VBH]2-
Cc1ccc(C(OCC2CCCC[N+]2(C)C)c2ccccc2)cc1,24.87450426,28.719784,39.471725,30.78494096,23.9039966,[VBH]2-
Cn1cnc([N+](=O)[O-])c1C[N+](C)(C)C/C=C/C(=O)Nc1cc2c(Nc3ccc(Cl)c(Br)c3)ncnc2cn1,27.76392778,30.679101,36.721733,22.45102336,35.5006049,[VBH]2-
CCOC(=O)c1c[n+](C)c2n(c1=O)C(C)CCC2,22.14746909,25.741316,22.387463,25.71980938,25.6332038,[VBH]2-
CCCC[N+]1(C)[C@@H]2C[C@@H](OC(=O)[C@H](CO)c3ccccc3)C[C@H]1[C@@H]1O[C@@H]12,26.50021379,26.039424,27.331928,29.70679486,26.9046446,[VBH]2-
CC[N+](CC)(CC)CCOc1cccc(OCC[N+](CC)(CC)CC)c1OCC[N+](CC)(CC)CC,30.45653333,60.338655,28.662365,41.66264074,42.0842489,[VBH]2-
COCC[n+]1c2c(n(Cc3cnccn3)c1C)C(=O)c1ccccc1C2=O,26.19696724,36.455674,41.96181,43.75485174,58.1465637,[VBH]2-
CCCCCCCCCCCC[n+]1c(C)cc(N)c2ccccc21,22.71387143,26.120628,20.874971,15.00093991,24.8391361,[VBH]2-
CCN(CC)c1ccc(C(=C2C=CC(=[N+](CC)CC)C=C2)c2ccccc2)cc1,22.829246,26.085504,26.472067,14.58749333,28.1368284,[VBH]2-
CCCCCCCCCCCCCCCC[N+](C)(C)CCN(Cc1ccc(OC)cc1)c1ncccn1,29.4094,43.169819,26.964308,27.15812092,37.5188437,[VBH]2-
COc1cc2c3cc1Oc1cc(ccc1O)C[C@@H]1c4c(cc(OC)c(O)c4Oc4ccc(cc4)C[C@@H]3N(C)CC2)CC[N+]1(C)C,22.78468689,25.925277,25.287222,18.08256304,29.1930431,[VBH]2-
CCCCCCCCCCCCC[N+](C)(C)Cc1ccccc1,26.93607143,30.414213,42.376373,22.81293044,28.8990445,[VBH]2-
C=CC[N+]1([C@H]2C[C@H]3[C@@H]4CC[C@H]5C[C@H](O)[C@@H](N6CCOCC6)C[C@]5(C)[C@H]4CC[C@]3(C)[C@H]2OC(C)=O)CCCC1,21.38494902,25.932878,10.439692,13.37640938,25.858481,[VBH]2-
COc1cc(CC2c3c(cc(OC)c(OC)c3OC)CC[N+]2(C)CCCOC(=O)CCC(=O)OCCC[N+]2(C)CCc3cc(OC)c(OC)c(OC)c3C2Cc2cc(OC)c(OC)c(OC)c2)cc(OC)c1OC,21.4324359,25.138729,13.57944,16.83924738,26.1341011,[VBH]2-
Cc1cc(/C=C/c2ccc3cc(N(C)C)ccc3[n+]2C)c(C)n1-c1ccccc1.Cc1cc(/C=C/c2ccc3cc(N(C)C)ccc3[n+]2C)c(C)n1-c1ccccc1.O=C(O)c1cc2ccccc2c(Cc2c(O)c(C(=O)O)cc3ccccc23)c1O,20.90346364,23.507396,6.8000445,19.71051849,26.2765787,[VBH]2-
CCCCCCCCCCCCCCCC[n+]1ccccc1.O,21.37827059,26.898822,19.599203,14.45765237,23.6318743,[VBH]2-
CC1CCCC(C)(C)C1CCC(C)[N+](C)(C)CCCCCC[N+](C)(C)C(C)CCC1C(C)CCCC1(C)C,21.18362857,23.815482,10.047116,13.09657265,16.8024635,[VBH]2-
C[C@]12CC[C@H]([N+]3(C)CCCC3)CC1=CC[C@@H]1[C@@H]2CC[C@@]2(C)[C@H]1CCC[N+]2(C)C,21.52136176,27.584654,27.011295,13.95299987,27.5705803,[VBH]2-
C[n+]1ccc(SCC2=C(C(=O)O)N3C(=O)[C@@H](NC(=O)/C(=N\OC(C)(C)C(=O)O)c4csc(N)n4)[C@H]3[S+]([O-])C2)cc1,25.46969123,26.771301,14.517744,16.88555651,21.5070643,[VBH]2-
CCOC(=O)C[N+]1(C)CC[C@@H](OC(=O)[C@](O)(c2ccccc2)C2CCCC2)C1,24.288552,27.526779,28.133907,16.01628744,29.3776587,[VBH]2-
COC1=C(OC)C(=O)C(CCCCCCCCCC[P+](c2ccccc2)(c2ccccc2)c2ccccc2)=C(C)C1=O,22.5935,23.564005,9.556172,15.28474825,21.2268697,[VBH]2-
C[N@+]1(CC2CC2)CC[C@]23CC(=O)CC[C@@]2(O)[C@H]1Cc1ccc(C(N)=O)c(O)c13,21.10083846,27.023724,22.55111,26.23555047,23.52932,[VBH]2-
O=C1N(Cc2ccccc2)C2C[S+]3CCCC3C2N1Cc1ccccc1,22.60618387,27.040971,32.16215,30.51787919,32.0819455,[VBH]2-
C[N+]12CCC(c3ccccc3)(CC1)C(=O)C2,19.48172034,19.571322,13.172389,19.82954162,19.16876005,[VBH]2-
CCCCCCCCCCCCC[N+](C)(C)Cc1ccccc1,22.35354828,26.866263,30.572647,21.68914042,21.3394926,[VBH]2-
Oc1ccc2c(c1)CC[N+]1=C2CCC2CCCC21,30.45653333,60.282853,30.371494,43.06170512,46.561653,[VBH]2-
CCCCCCCCCCCCCCCCCCN(CCCCCCCCCCCCCCCCCC)C(=O)C(CCCC/N=C(\S)Nc1ccc(-c2c3ccc(=[N+](C)C)cc-3oc3cc(N(C)C)ccc23)c(C(=O)[O-])c1)NC(=O)CNCCCNCCCCNCCCN,31.29424,64.529817,38.29101,46.80149277,42.9851545,[VBH]2-
CCCCOc1ccc(C[N+]2(C)[C@@H]3CC[C@H]2C[C@H](OC(=O)C(CO)c2ccccc2)C3)cc1,25.43440417,26.577682,16.211502,17.21804745,17.6384678,[VBH]2-
C[N+]1(CC2CC2)CC[C@]23c4c5ccc(O)c4O[C@H]2C(=O)CC[C@@]3(O)[C@H]1C5,22.80156136,28.521529,29.943304,29.82587811,28.9699995,[VBH]2-
CCCCOc1ccc(C[N+]2(C)[C@@H]3CC[C@H]2C[C@H](OC(=O)C(CO)c2ccccc2)C3)cc1,20.98951563,23.856945,8.004122,14.53542582,25.6378282,[VBH]2-
C[N+]1(CCCCC[N+]2(C)CCCC2)CCCC1,26.50021379,28.865386,33.52725,20.49357225,30.5419908,[VBH]2-
C[N+]1(C)CCC(=C(c2ccccc2)c2ccccc2)CC1,22.019,23.217405,20.882156,24.10752453,26.5249626,[VBH]2-
COc1cc2c3cc1Oc1cc(ccc1O)C[C@@H]1c4c(cc(OC)c(O)c4Oc4ccc(cc4)C[C@@H]3N(C)CC2)CC[N+]1(C)C,21.54006341,27.994805,22.732231,14.10898968,29.5547415,[VBH]2-
C[N+](C)(C)CCCCCC[N+](C)(C)C.O.O,26.635545,30.641885,22.790037,23.25451154,31.1016098,[VBH]2-
CC(=O)O[C@H]1C[C@@H]2CC[C@@H]3[C@H](CC[C@@]4(C)[C@H]3C[C@H]([N+]3(C)CCCCC3)[C@@H]4OC(C)=O)[C@@]2(C)C[C@@H]1N1CCCCC1,21.21815873,24.482657,11.336479,13.23198254,22.7342944,[VBH]2-
C[N+]1(C)CCCC(OC(=O)C(O)(c2ccccc2)c2ccccc2)C1,22.99188222,27.41403,36.317356,28.78938961,33.2487048,[VBH]2-
CC[N+](CC)(CC)CCOC(=O)c1cc(OC)c(OC)c(OC)c1,22.67846604,25.044428,29.321896,28.15234329,24.0300288,[VBH]2-
CC(C)[N+](C)(CCC(C(N)=O)(c1ccccc1)c1ccccc1)C(C)C,22.03234853,25.19051,27.082594,28.11862665,23.9109802,[VBH]2-
CCCCCCCCCCCCCCCC[N+](C)(C)C[C@@H](OC)[C@@H](C[N+](C)(C)CCCCCCCCCCCCCCCC)OC,30.45653333,60.310193,30.870136,43.26961846,44.124465,[VBH]2-
COC1=C(OC)C(=O)C(CCCCCCCCCC[P+](c2ccccc2)(c2ccccc2)c2ccccc2)=C(C)C1=O,30.45653333,60.088103,30.884163,42.83702474,43.3946727,[VBH]2-
CC[N+]1(CCCOC(=O)[C@H]2[C@H](c3ccccc3)[C@H](C(=O)OCCC[N+]3(CC)CCCCC3)[C@H]2c2ccccc2)CCCCC1,25.82473455,28.989225,19.185255,25.84841386,29.2427435,[VBH]2-
OC(c1ccccc1)(c1ccccc1)C12CC[N+](CCOCc3ccccc3)(CC1)CC2,21.54006341,28.47853,28.856804,14.11397793,31.6957926,[VBH]2-
CC(=O)O[C@H]1C[C@@H]2CC[C@@H]3[C@H](CC[C@]4(C)[C@@H](O)[C@@H]([N+]5(C)CCCCC5)C[C@@H]34)[C@@]2(C)C[C@@H]1[N+]1(C)CCCCC1,59.51862,65.891657,37.887432,53.47510121,51.6872396,[VBH]2-
C[N+]1(CC2CC2)[C@@H]2C[C@@H](OC(=O)[C@H](CO)c3ccccc3)C[C@H]1[C@@H]1O[C@@H]12,24.47087021,32.587713,47.968338,35.85596089,38.2368582,[VBH]2-
C[N+]1(CCCF)C2CCC1CC(OC(=O)C(O)(c1ccccc1)c1ccccc1)C2,19.3080125,20.138684,23.894098,26.08455545,22.4065505,[VBH]1-
Cc1cc2c3ccccc3[n+]1CCCCCCCCCC[n+]1c(C)cc(c3ccccc31)NCCCCCCCCCCN2,18.30712105,17.382594,15.756741,16.38823653,15.276486,[VBH]1-
C[N+]1(C)[C@@H]2C[C@@H](OC3c4ccccc4CSc4ccccc43)C[C@H]1[C@@H]1O[C@@H]12,16.66776667,17.718871,17.399483,19.43959115,16.7824251,[VBH]1-
C[N+](C)(C)CCOC(=O)C1CCC[N+]1(C)C,17.55193404,16.38746217,17.225338,16.54486016,15.14108555,[VBH]1-
COc1ccc2cc1Oc1cc3c(cc1OC)CC[N+](C)(C)[C@H]3Cc1ccc(cc1)Oc1c(OC)c(OC)cc3c1[C@@H](C2)[N+](C)(C)CC3,16.29385,17.591523,10.683313,12.19243292,14.8927411,[VBH]1-
C[N+]1(C)CCCC1COC(=O)C(O)(c1ccccc1)C1CCCCC1,13.77545625,17.437578,17.638754,22.11692506,20.9279052,[VBH]1-
CCOCC(O)COc1ccc(NC(=O)CC[S+](C)C)cc1,14.14180909,17.904926,16.18687,18.44490134,20.686653,[VBH]1-
COc1ccc2[nH]c3ccc4cc[n+](CCN5CCC(C6CCN(CC[n+]7ccc8ccc9[nH]c%10ccc(OC)cc%10c9c8c7)CC6)CC5)cc4c3c2c1,17.6119,32.808536,24.803778,21.20728376,26.3099554,[VBH]1-
C[N+](C)(C)CC1COCO1,12.37127209,11.218288,10.778455,10.72210481,11.2146579,[VBH]1-
CC[N+](C)(C)CCOC(=O)CCC(=O)OCC[N+](C)(C)CC,18.76255493,19.975582,26.350138,23.14829391,23.8066999,[VBH]1-
CC[N+]1(C)CCCC(OC(=O)C(O)(c2ccccc2)c2ccccc2)C1,17.16747879,16.898382,17.848915,19.60204228,16.6256244,[VBH]1-
CCCCCCCCCCCC[N+](C)(C)Cc1ccccc1,16.046075,16.799921,15.626872,16.52654962,17.0859116,[VBH]1-
COc1ccc(CC2c3cc(OC)c(OC)cc3CC[N+]2(C)CCCCCCCCCC[N+]2(C)CCc3cc(OC)c(OC)cc3C2Cc2ccc(OC)c(OC)c2)cc1OC,17.14841,19.846086,14.662615,18.20856977,21.4818767,[VBH]1-
O=[N+]([O-])c1ccc(-c2csc3[n+]2CCN3)o1,12.96506944,15.092567,12.641782,13.3975194,13.91443185,[VBH]1-
CCCCCCCCCCCCCC[N+](C)(C)Cc1ccccc1,16.29385,17.591523,10.683313,12.19243292,14.8927411,[VBH]1-
CC[N+]1(CC)CCC(=C(c2ccccc2)c2ccccc2)C1C,16.110432,17.155483,18.557676,20.22702326,17.8680157,[VBH]1-
COCCOCCOCCOCCOC(=O)OC[n+]1ccc(N/C(=N/CCCCCCOc2ccc(Cl)cc2)NC#N)cc1,16.03925385,15.690801,10.289635,11.86174355,13.9577366,[VBH]1-
C[S+](C)CCOC(=O)C(O)(c1ccccc1)C1CCCCC1,16.59882353,16.100749,20.773254,24.03071046,18.1919404,[VBH]1-
CN(C)C(=O)Oc1ccc[n+](C)c1,12.43985294,10.808684,10.298724,11.37596069,11.58089445,[VBH]1-
CN(C)C(=O)Oc1cccc([N+](C)(C)C)c1,15.45250833,16.05473037,17.4787,15.8491768,15.11105325,[VBH]1-
CC[N+](C)(CC)CCOC(=O)C(O)(c1ccccc1)C1CCCCC1,18.11331333,18.762173,18.55123,23.28174759,20.4468267,[VBH]1-
CCCCCCCCCC[N+](C)(C)CCOC(=O)C12CC3CC(CC(C3)C1)C2,18.53099167,17.223469,20.272371,20.74655016,17.9744632,[VBH]1-
C[N+](C)(C)C1CCC(CC2CCC([N+](C)(C)C)CC2)CC1,13.5560551,17.163114,20.517294,18.75978318,18.7320871,[VBH]1-
COc1ccc(CC2c3cc(OC)c(OC)cc3CC[N+]2(C)CCCCCCCCCC[N+]2(C)CCc3cc(OC)c(OC)cc3C2Cc2ccc(OC)c(OC)c2)cc1OC,17.146225,19.940956,17.818125,18.38419229,22.0396398,[VBH]1-
CC[N+](CC)(CC(=O)Nc1c(C)cccc1C)Cc1ccccc1,18.91465789,19.401075,26.002892,24.44807171,21.6223958,[VBH]1-
COc1ccc(C[C@@H]2c3cc(OC)c(OC)cc3CC[N@+]2(C)CCC(=O)OCCCCCOC(=O)CC[N@@+]2(C)CCc3cc(OC)c(OC)cc3[C@H]2Cc2ccc(OC)c(OC)c2)cc1OC,17.6119,32.669244,21.679539,21.37494181,26.1251861,[VBH]1-
COC1=C(OC)C(=O)C(CCCCCCCCCC[P+](c2ccccc2)(c2ccccc2)c2ccccc2)=C(C)C1=O,17.66201429,17.116012,14.288137,13.8930707,17.6954989,[VBH]1-
CCCCCCCCCCCCCCCC[N+](C)(C)CC,17.72272273,27.238298,24.581417,23.81994657,23.3476714,[VBH]1-
C[N+](C)(C)CCCCCC[N+](C)(C)C,17.045712,16.56197975,15.102017,16.05947957,16.0729973,[VBH]1-
O=C(CCBr)N1CC[N+]2(CC1)CC[N+]1(CCN(C(=O)CCBr)CC1)CC2,17.89401579,34.547005,24.844397,26.18835914,29.7666844,[VBH]1-
CC[N+](CC)(CC)CCOC(=O)C(C1CCCC1)C1CCCC1,17.44522,15.919215,19.29186,20.48178252,17.503967,[VBH]1-
Cc1cc(N)c2ccccc2[n+]1CCCCCCCCCC[n+]1c(C)cc(N)c2ccccc21,17.6119,32.792246,24.80367,21.12769162,26.8831641,[VBH]1-
C[N+](C)(CC(=O)Nc1ccccc1)CC(=O)Nc1ccccc1,19.91198947,27.695067,23.727585,23.82591236,29.5236466,[VBH]1-
C[N+]1(C)[C@@H]2CC[C@H]1C[C@@H](OC(=O)C1c3ccccc3Oc3ccccc31)C2,15.97848,16.318076,14.925509,19.45714082,16.6101775,[VBH]1-
Cc1cc(/C=C/c2ccc3cc(N(C)C)ccc3[n+]2C)c(C)n1-c1ccccc1,17.3148625,18.196151,13.517266,16.13216427,16.4768569,[VBH]1-
C[N+]12CCC(CC1)C(CN1c3ccccc3Sc3ccccc31)C2,17.6119,32.669244,21.679539,21.37494181,26.1251861,[VBH]1-
c1ccc2c[n+](CCCCCCCCCCCCCCCC[n+]3ccc4ccccc4c3)ccc2c1,17.8667963,18.853186,17.244335,17.43510486,16.6360473,[VBH]1-
CC(=O)O[C@H]1C[C@@H]2CC[C@@H]3[C@H](CC[C@@]4(C)[C@H]3C[C@H]([N+]3(C)CCCCC3)[C@@H]4OC(C)=O)[C@@]2(C)C[C@@H]1N1CCCCC1,16.29385,17.726854,10.694351,12.22540755,16.3995474,[VBH]1-
CN(CCCCCCN(C)C(=O)Oc1ccc[n+](C)c1)C(=O)Oc1ccc[n+](C)c1,18.31290556,20.279716,19.753168,17.0389292,22.0831661,[VBH]1-
CC[N+](C)(CC)CCOCCOC(=O)C(c1ccccc1)[N+]1(C)CCCCC1,18.16639474,18.616681,21.526503,22.72879198,21.5643236,[VBH]1-
C[N+]1(C)[C@@H]2C[C@@H](OC(=O)[C@H](CO)c3ccccc3)C[C@H]1[C@@H]1O[C@@H]12,15.35067714,16.710963,20.393938,20.14715412,18.4007004,[VBH]1-
CC[N+](C)(CC)CCOC(=O)C1CCCC(C)[N+]1(C)C,17.6119,23.086329,19.89879,18.67361068,21.2157004,[VBH]1-
CCCCCCCCCCCC(c1ccc(C)cc1)[N+](C)(C)C,16.22501905,17.651322,16.327118,12.77271641,17.1977497,[VBH]1-
CCOC(=O)c1c[n+](C)c2n(c1=O)C(C)CCC2,18.62132,19.39422008,18.416353,18.76466522,19.7978315,[VBH]1-
C[N+](C)(C)CCCCCOCCCCC[N+](C)(C)C,18.25348529,19.469234,24.708742,24.33270958,20.8989229,[VBH]1-
CCCCCCCCCCCC(c1ccc(C)cc1)[N+](C)(C)C,21.54662857,32.333521,28.610186,26.71862493,29.2593425,[VBH]1-
CCOC(=O)c1c[n+](C)c2n(c1=O)C(C)CCC2,18.61996364,19.39246108,18.384195,18.58564463,19.946552,[VBH]1-
C[N+](C)(C)CCCCCOCCCCC[N+](C)(C)C,16.0441,16.112778,12.659514,15.09708753,15.9648987,[VBH]1-
Cc1ccc(C(C)C)c(OCC[N+](C)(C)CCCCCCCCCC[N+](C)(C)CCOc2cc(C)ccc2C(C)C)c1,17.12061622,19.617906,17.082407,18.0494791,19.8215248,[VBH]1-
C[N+]1(C)CCN(CC(O)(c2ccccc2)C2CCCCC2)CC1,13.51310357,16.575349,20.565218,20.82116066,18.974615,[VBH]1-
Cc1ccc(C(C)C)c(OCC[N+](C)(C)CCCCCCCCCC[N+](C)(C)CCOc2cc(C)ccc2C(C)C)c1,17.66201429,16.941903,14.190308,13.87563497,17.7522669,[VBH]1-
CC[N+](C)(CC)CCSC1=Nc2ccccc2N=C(c2ccc(Sc3ccccc3)cc2)C1,16.14477174,18.177298,11.277992,12.76017068,15.2677159,[VBH]1-
C[N+]12CCC(CC1)C(OC(=O)C(O)(c1ccccc1)c1ccccc1)C2,17.90865882,18.032795,15.81275,24.80966987,22.96617205,[VBH]1-
C[N+](C)(C)CCCCCOCCCCC[N+](C)(C)C,16.54045,18.431702,21.463474,19.39664642,19.2430987,[VBH]1-
C[N+]1(CC2COC(c3ccccc3)(C3CCCCC3)O2)CCCCC1,15.48377241,15.93415,13.25807,20.13175107,16.5381601,[VBH]1-
CC(C)[N+](C)(CCC(C(N)=O)(c1ccccc1)c1ccccc1)C(C)C,16.23466875,18.219999,17.621208,20.46673389,19.1743788,[VBH]1-
CC[n+]1c(-c2ccccc2)c2cc(N)ccc2c2ccc(N)cc21,12.17221071,12.609494,16.091908,19.90401547,15.9320366,[VBH]1-
CCCCCCCCCCCC[N+](C)(C)CCOc1ccccc1,27.42870909,35.318664,32.499332,29.31428798,32.653904,[VBH]1-
CCCCCCCCCCCCCCCC[N+](C)(C)Cc1ccccc1,17.91722097,24.837282,17.778471,22.26723079,24.6571203,[VBH]1-
C[N+](C)(CCOc1ccccc1)Cc1ccccc1,22.40624,16.755708,19.527744,15.93334604,15.7451233,[VBH]1-
C[N+]1(CCCCC[N+]2(C)CCCC2)CCCC1,17.95928462,20.330815,15.394199,15.21047088,21.3983445,[VBH]1-
CC[n+]1c(/C=C/c2ccc(N3CCCC3)cc2)cccc1/C=C/c1ccc(N2CCCC2)cc1,17.6119,33.927834,28.190535,24.77844231,28.8425417,[VBH]1-
CCCCCCCCCCCC[N+](C)(C)CC(=O)OCC,20.40087833,20.249881,20.798332,19.71209084,22.25951495,[VBH]1-
CCCCCCCCCCCCCCCC[N+](C)(C)C1CCCCC1O,18.32364444,21.388138,18.43907,18.53741737,24.6782555,[VBH]1-
CCCCCCCCCCCCCC[N+](C)(C)Cc1ccccc1,16.18736346,19.076772,16.847342,12.63206407,14.7300996,[VBH]1-
CCCCCCCCCCCCNC(=O)C[N+](C)(C)Cc1ccccc1,23.30788824,33.954871,26.831324,27.20578496,31.1946422,[VBH]1-
C[N+]1(C)CCCC1COC(=O)C(O)(c1ccccc1)C1CCCCC1,19.0544125,20.901341,25.490292,23.40297226,24.019563,[VBH]1-
CCCOC(=O)C[N+](C)(C)CCOCCCCCCCCCCOCC[N+](C)(C)CC(=O)OCCC,17.6119,32.99357,24.8089,21.33235517,26.5847961,[VBH]1-
COc1cc2c3cc1Oc1cc(ccc1O)C[C@@H]1c4c(cc(OC)c(O)c4Oc4ccc(cc4)C[C@@H]3N(C)CC2)CC[N+]1(C)C,17.90905,18.336273,13.930254,14.59526745,20.7805104,[VBH]1-
OC(CCl)CN1CC[N+]2(CC1)CC[N+]1(CCN(CC(O)CCl)CC1)CC2,17.16085556,18.570338,15.259758,15.4658883,15.2615163,[VBH]1-
C[N+](C)(CCOc1ccccc1)Cc1cccs1,16.91256667,17.090265,17.144836,15.81977767,16.2592736,[VBH]1-
C[N+]1(C)[C@@H]2C[C@@H](OC(=O)C(O)(c3cccs3)c3cccs3)C[C@H]1[C@@H]1O[C@@H]12,15.61616,13.805724,12.538713,20.34759815,15.4457699,[VBH]1-
CC[N+](C)(CC)CCOCCOC(=O)C(c1ccccc1)[N+]1(C)CCCCC1,17.6119,33.785947,21.768831,25.7258092,28.6011973,[VBH]1-
CC[N+](CC)(CC)CCC(O)(c1ccccc1)C1CCCCC1,16.13694222,14.96863,15.2738285,21.06408978,15.9729372,[VBH]1-
CC[N+](CC)(CC)CCOc1ccc(/C=C/c2ccccc2)cc1,15.80881463,18.619639,18.335365,16.90822268,17.266051,[VBH]1-
C[N+]12CCC(CC1)C(OC(=O)C(O)(c1ccccc1)C1CCCCC1)C2,16.046075,16.316263,15.920936,19.5146225,15.9148616,[VBH]1-
CCCCCCCCCC[N+](C)(C)CCCCCCCCCC,17.6119,32.63848,27.399656,22.14424504,27.6158624,[VBH]1-
Cc1cc(C)c2cccc(OCc3c(Cl)ccc(S(=O)(=O)NC4(C(=O)N5CCN(C(=O)[C@@H](N)CCC[N+](C)(C)C)CC5)CCOCC4)c3Cl)c2n1,16.01086154,17.34452,13.786745,11.95168814,14.9904098,[VBH]1-
CCC(C)C(C(=O)OCC[N+](C)(CC)CC)c1ccccc1,17.56372821,17.377639,17.65239,20.834228,18.6631357,[VBH]1-
CC[N+]1(CC)CCC(OC(=O)C(O)(c2ccccc2)c2ccccc2)C1,18.23065,26.489812,18.69489,25.74417334,26.7186558,[VBH]1-
O=C(O[C@H]1C[C@H]2CC[C@@H](C1)[N+]21CCCC1)C(O)(c1ccccc1)c1ccccc1,19.0796907,19.13428,24.929098,23.02233988,21.3217501,[VBH]1-
C[N+](C)(C)Cc1ccco1,12.38582174,11.163985,11.970175,11.98645397,11.3722028,[VBH]1-
Cc1sc[n+](CC(=O)c2ccccc2)c1C,14.28489167,15.995157,16.823942,16.36089145,15.2294115,[VBH]1-
CNCC(=O)OCc1cccnc1N(C)C(=O)OC(C)[n+]1cnn(C[C@](O)(c2cc(F)ccc2F)[C@@H](C)c2nc(-c3ccc(C#N)cc3)cs2)c1,17.6119,36.574299,26.480158,25.83228233,27.8901645,[VBH]1-
CC(C)Oc1cccc(CC(=O)N2CCC[C@](CC[N+]34CCC(c5ccccc5)(CC3)CC4)(c3ccc(Cl)c(Cl)c3)C2)c1,17.6119,32.682956,21.95278,21.13044432,25.7787084,[VBH]1-
C[N+](C)(C)CCOC(Cc1ccccc1)c1ccccc1,14.70130385,15.606383,14.314215,15.32172491,15.2203755,[VBH]1-
C[N+]1(C)[C@@H]2C[C@@H](OC(=O)C(O)(c3cccs3)c3cccs3)C[C@H]1[C@@H]1O[C@@H]12,18.24504706,18.329839,16.620653,24.41863006,20.98953705,[VBH]1-
CCCCCCCCCCCCCCCC[N+](C)(C)C1CCCCC1O,17.81175,17.432227,15.121889,14.907066,14.9111298,[VBH]1-
CCC(C)C(C(=O)OCC[N+](C)(CC)CC)c1ccccc1,17.90203333,18.216857,21.385414,21.97316016,19.2662195,[VBH]1-
CN(CCCCCCN(C)C(=O)Oc1ccc[n+](C)c1)C(=O)Oc1ccc[n+](C)c1,16.10258889,17.745827,14.101313,12.1372161,16.4106445,[VBH]1-
CC[N+](C)(CC)CCOC(=O)C(O)(c1cccs1)C1CCCC1,18.27696379,24.296374,22.724293,25.99909387,24.783375,[VBH]1-
CC[N+](C)(C)c1cccc(O)c1,12.66751509,11.611543,12.500031,13.64829675,11.055302,[VBH]1-
CCN(CC)CC[n+]1ccc2c(C)c3[nH]c4ccc(O)cc4c3c(C)c2c1,18.87122564,19.983319,19.271368,18.46778557,22.40208645,[VBH]1-
CC[n+]1c(-c2ccccc2)c2cc(N/N=N/c3cccc(C(=N)N)c3)ccc2c2ccc(N)cc21,17.27653333,19.511631,17.360567,20.20627293,20.30722,[VBH]1-
CN(CC[N+]1(C)CCCC1)C(=O)C(O)(c1ccccc1)c1cccs1,15.30077045,17.117614,16.71498,18.43662879,18.7237179,[VBH]1-
COCCOCCOCCOCCOC(=O)OC[n+]1ccc(N/C(=N/C#N)NCCCCCCOc2ccc(Cl)cc2)cc1,18.05071167,18.117554,16.217398,16.89953897,15.9487937,[VBH]1-
CCCCCCCCCCCC(=O)OCCNC(=O)C[n+]1ccccc1,18.14015614,18.925306,16.84395,18.82126876,17.2472503,[VBH]1-
CCCCCCCCCCCC(c1ccc(C)cc1)[N+](C)(C)C,16.26742,17.247755,19.908705,20.92515793,19.3175243,[VBH]1-
CC(C)Oc1cccc(CC(=O)N2CCC[C@](CC[N+]34CCC(c5ccccc5)(CC3)CC4)(c3ccc(Cl)c(Cl)c3)C2)c1,17.6119,32.605621,21.502224,20.88157013,26.3663135,[VBH]1-
C[N+](C)([11CH3])CCO,12.59850385,12.063868,11.106063,11.36136068,12.0309264,[VBH]1-
CC1(C)[C@@H](O)CC[C@]2(C)[C@H]3C(=O)C=C4[C@@H]5C[C@@](C)(C(=O)OCC6CCC[N+]6(C)C)CC[C@]5(C)CC[C@@]4(C)[C@]3(C)CC[C@@H]12,17.6119,32.808536,24.625456,21.25060686,26.7816241,[VBH]1-
C=CC[N+]1([C@H]2C[C@H]3[C@@H]4CC[C@H]5C[C@H](O)[C@@H](N6CCOCC6)C[C@]5(C)[C@H]4CC[C@]3(C)[C@H]2OC(C)=O)CCCC1,17.6119,32.792246,24.625154,21.150386,26.8233809,[VBH]1-
C[N+]1(CC(=O)c2ccc(-c3ccccc3)cc2)[C@@H]2CC[C@H]1C[C@@H](OC(=O)[C@H](CO)c1ccccc1)C2,18.69695814,18.799973,15.79868,17.1657503,15.6734156,[VBH]1-
Cc1cc(C)c2cccc(OCc3c(Cl)ccc(S(=O)(=O)NC4(C(=O)N5CCN(C(=O)[C@@H](N)CCC[N+](C)(C)C)CC5)CCOCC4)c3Cl)c2n1,17.6119,32.543589,21.91054,21.11977555,26.3859094,[VBH]1-
COc1cc2c(cc1OC)[C@H](c1cc(OC)c(OC)c(OC)c1)[N@@+](C)(CCCOC(=O)/C=C(\Cl)C(=O)OCCC[N@+]1(C)CCc3cc(OC)c(OC)cc3[C@H]1Cc1cc(OC)c(OC)c(OC)c1)CC2,17.6119,26.556773,18.892282,22.00281972,25.6106722,[VBH]1-
CC(=O)O[C@H]1C[C@@H]2CC[C@@H]3[C@H](CC[C@@]4(C)[C@H]3C[C@H](N3CC[N+](C)(C)CC3)[C@@H]4OC(C)=O)[C@@]2(C)C[C@@H]1N1CC[N+](C)(C)CC1,17.90865882,17.803007,13.026703,14.03937915,19.4069196,[VBH]1-
COc1cc(CC2c3c(cc(OC)c(OC)c3OC)CC[N+]2(C)CCCOC(=O)CCC(=O)OCCC[N+]2(C)CCc3cc(OC)c(OC)c(OC)c3C2Cc2cc(OC)c(OC)c(OC)c2)cc(OC)c1OC,18.00057833,18.648776,16.063871,17.96343441,22.8796756,[VBH]1-
Cc1ccc(C(OCC2CCCC[N+]2(C)C)c2ccccc2)cc1,17.8667963,16.319013,20.85199,21.74782037,17.8653545,[VBH]1-
Cn1cnc([N+](=O)[O-])c1C[N+](C)(C)C/C=C/C(=O)Nc1cc2c(Nc3ccc(Cl)c(Br)c3)ncnc2cn1,18.03090667,18.953237,13.806699,20.34676483,22.716178,[VBH]1-
CCOC(=O)c1c[n+](C)c2n(c1=O)C(C)CCC2,12.90129231,15.017373,13.354006,15.33793752,14.37199895,[VBH]1-
CCCC[N+]1(C)[C@@H]2C[C@@H](OC(=O)[C@H](CO)c3ccccc3)C[C@H]1[C@@H]1O[C@@H]12,19.47558182,18.510428,18.84878,19.24079656,17.9587795,[VBH]1-
CC[N+](CC)(CC)CCOc1cccc(OCC[N+](CC)(CC)CC)c1OCC[N+](CC)(CC)CC,17.6119,32.571193,22.334303,21.06884631,26.4106267,[VBH]1-
COCC[n+]1c2c(n(Cc3cnccn3)c1C)C(=O)c1ccccc1C2=O,17.85451389,18.721088,14.503192,27.73832221,29.0076013,[VBH]1-
CCCCCCCCCCCC[n+]1c(C)cc(N)c2ccccc21,18.08787692,19.824424,18.622335,15.31188173,18.4976649,[VBH]1-
CCN(CC)c1ccc(C(=C2C=CC(=[N+](CC)CC)C=C2)c2ccccc2)cc1,18.11331333,19.811726,15.734007,13.81972531,20.3369966,[VBH]1-
CCCCCCCCCCCCCCCC[N+](C)(C)CCN(Cc1ccc(OC)cc1)c1ncccn1,17.6119,24.013203,18.747915,18.2230502,25.3314696,[VBH]1-
COc1cc2c3cc1Oc1cc(ccc1O)C[C@@H]1c4c(cc(OC)c(O)c4Oc4ccc(cc4)C[C@@H]3N(C)CC2)CC[N+]1(C)C,18.33344444,20.037949,18.80691,16.8676473,22.801502,[VBH]1-
CCCCCCCCCCCCC[N+](C)(C)Cc1ccccc1,17.86639722,18.807081,14.401905,18.08659667,19.4609521,[VBH]1-
C=CC[N+]1([C@H]2C[C@H]3[C@@H]4CC[C@H]5C[C@H](O)[C@@H](N6CCOCC6)C[C@]5(C)[C@H]4CC[C@]3(C)[C@H]2OC(C)=O)CCCC1,16.12306098,17.774296,13.526911,12.08915113,16.9675095,[VBH]1-
COc1cc(CC2c3c(cc(OC)c(OC)c3OC)CC[N+]2(C)CCCOC(=O)CCC(=O)OCCC[N+]2(C)CCc3cc(OC)c(OC)c(OC)c3C2Cc2cc(OC)c(OC)c(OC)c2)cc(OC)c1OC,17.10745,18.545333,14.662216,17.80645485,20.09628,[VBH]1-
Cc1cc(/C=C/c2ccc3cc(N(C)C)ccc3[n+]2C)c(C)n1-c1ccccc1.Cc1cc(/C=C/c2ccc3cc(N(C)C)ccc3[n+]2C)c(C)n1-c1ccccc1.O=C(O)c1cc2ccccc2c(Cc2c(O)c(C(=O)O)cc3ccccc23)c1O,16.69625738,17.772501,13.708361,18.92244065,20.4630989,[VBH]1-
CCCCCCCCCCCCCCCC[n+]1ccccc1.O,16.23466875,18.788133,14.023676,12.82679327,16.8134548,[VBH]1-
CC1CCCC(C)(C)C1CCC(C)[N+](C)(C)CCCCCC[N+](C)(C)C(C)CCC1C(C)CCCC1(C)C,16.06409286,17.615779,14.416788,11.88810179,13.711617,[VBH]1-
C[C@]12CC[C@H]([N+]3(C)CCCC3)CC1=CC[C@@H]1[C@@H]2CC[C@@]2(C)[C@H]1CCC[N+]2(C)C,16.29328,18.881891,16.645674,13.00301466,18.1369824,[VBH]1-
C[n+]1ccc(SCC2=C(C(=O)O)N3C(=O)[C@@H](NC(=O)/C(=N\OC(C)(C)C(=O)O)c4csc(N)n4)[C@H]3[S+]([O-])C2)cc1,18.35817,18.305434,14.680739,16.94201624,16.9273142,[VBH]1-
CCOC(=O)C[N+]1(C)CC[C@@H](OC(=O)[C@](O)(c2ccccc2)C2CCCC2)C1,18.10220294,19.546912,16.199308,15.19892242,21.7029208,[VBH]1-
COC1=C(OC)C(=O)C(CCCCCCCCCC[P+](c2ccccc2)(c2ccccc2)c2ccccc2)=C(C)C1=O,17.66201429,16.965469,14.1683445,13.86960146,17.676641,[VBH]1-
C[N@+]1(CC2CC2)CC[C@]23CC(=O)CC[C@@]2(O)[C@H]1Cc1ccc(C(N)=O)c(O)c13,15.23982121,16.547609,16.075699,17.97733765,16.2375819,[VBH]1-
O=C1N(Cc2ccccc2)C2C[S+]3CCCC3C2N1Cc1ccccc1,16.39815714,18.218682,18.35417,20.32842126,20.5692722,[VBH]1-
C[N+]12CCC(c3ccccc3)(CC1)C(=O)C2,12.3953375,11.987609,10.950717,11.90068874,11.8420302,[VBH]1-
CCCCCCCCCCCCC[N+](C)(C)Cc1ccccc1,12.17413077,15.92772,15.351709,15.67033245,15.04107,[VBH]1-
Oc1ccc2c(c1)CC[N+]1=C2CCC2CCCC21,17.6119,32.792246,24.80367,21.12769162,26.8831641,[VBH]1-
CCCCCCCCCCCCCCCCCCN(CCCCCCCCCCCCCCCCCC)C(=O)C(CCCC/N=C(\S)Nc1ccc(-c2c3ccc(=[N+](C)C)cc-3oc3cc(N(C)C)ccc23)c(C(=O)[O-])c1)NC(=O)CNCCCNCCCCNCCCN,17.6119,36.358672,24.01897,24.25673042,26.3420012,[VBH]1-
CCCCOc1ccc(C[N+]2(C)[C@@H]3CC[C@H]2C[C@H](OC(=O)C(CO)c2ccccc2)C3)cc1,16.88282708,18.291415,11.745726,15.01573435,12.9859787,[VBH]1-
C[N+]1(CC2CC2)CC[C@]23c4c5ccc(O)c4O[C@H]2C(=O)CC[C@@]3(O)[C@H]1C5,15.51236154,17.247942,17.842318,20.57523199,17.5383391,[VBH]1-
CCCCOc1ccc(C[N+]2(C)[C@@H]3CC[C@H]2C[C@H](OC(=O)C(CO)c2ccccc2)C3)cc1,17.392774,16.947369,13.312973,12.81342881,18.6324039,[VBH]1-
C[N+]1(CCCCC[N+]2(C)CCCC2)CCCC1,17.90915882,20.330815,15.393965,15.16267353,20.8809008,[VBH]1-
C[N+]1(C)CCC(=C(c2ccccc2)c2ccccc2)CC1,14.4068925,16.69813,16.011944,15.3697288,17.1728161,[VBH]1-
COc1cc2c3cc1Oc1cc(ccc1O)C[C@@H]1c4c(cc(OC)c(O)c4Oc4ccc(cc4)C[C@@H]3N(C)CC2)CC[N+]1(C)C,16.3890913,18.09628,15.993628,12.68258152,19.2362365,[VBH]1-
C[N+](C)(C)CCCCCC[N+](C)(C)C.O.O,17.58485,19.766925,14.173112,14.59538985,19.8177473,[VBH]1-
CC(=O)O[C@H]1C[C@@H]2CC[C@@H]3[C@H](CC[C@@]4(C)[C@H]3C[C@H]([N+]3(C)CCCCC3)[C@@H]4OC(C)=O)[C@@]2(C)C[C@@H]1N1CCCCC1,16.05802308,17.336058,13.534157,11.99186433,16.1684585,[VBH]1-
C[N+]1(C)CCCC(OC(=O)C(O)(c2ccccc2)c2ccccc2)C1,17.77144038,18.435951,21.372997,19.99417723,19.6787689,[VBH]1-
CC[N+](CC)(CC)CCOC(=O)c1cc(OC)c(OC)c(OC)c1,17.38879455,15.883369,19.048317,19.18067975,16.3347193,[VBH]1-
CC(C)[N+](C)(CCC(C(N)=O)(c1ccccc1)c1ccccc1)C(C)C,16.02432308,17.337712,16.062868,19.48808243,17.169194,[VBH]1-
CCCCCCCCCCCCCCCC[N+](C)(C)C[C@@H](OC)[C@@H](C[N+](C)(C)CCCCCCCCCCCCCCCC)OC,17.6119,32.808536,21.916887,21.2142361,25.9602656,[VBH]1-
COC1=C(OC)C(=O)C(CCCCCCCCCC[P+](c2ccccc2)(c2ccccc2)c2ccccc2)=C(C)C1=O,17.6119,32.543589,21.917658,21.12090855,26.3263093,[VBH]1-
CC[N+]1(CCCOC(=O)[C@H]2[C@H](c3ccccc3)[C@H](C(=O)OCCC[N+]3(CC)CCCCC3)[C@H]2c2ccccc2)CCCCC1,18.89669429,19.644144,15.953098,21.12463973,22.7712433,[VBH]1-
OC(c1ccccc1)(c1ccccc1)C12CC[N+](CCOCc3ccccc3)(CC1)CC2,16.42610833,18.080748,16.023256,12.68109478,19.701148,[VBH]1-
CC(=O)O[C@H]1C[C@@H]2CC[C@@H]3[C@H](CC[C@]4(C)[C@@H](O)[C@@H]([N+]5(C)CCCCC5)C[C@@H]34)[C@@]2(C)C[C@@H]1[N+]1(C)CCCCC1,23.72663,33.954871,26.614767,27.65745862,30.376579,[VBH]1-
C[N+]1(CC2CC2)[C@@H]2C[C@@H](OC(=O)[C@H](CO)c3ccccc3)C[C@H]1[C@@H]1O[C@@H]12,15.09420682,18.822598,21.683487,21.64405059,20.9199479,[VBH]1-
